gene_name	uniprot_id	uniprot_len	mane_uniprot_id	mane_uniprot_len	mane_isoform_id	accession_agrees	mane_refseq_nuc	mane_refseq_prot	mane_ensembl	mane_prot_len	numbering_ok	reason
RNF39	Q9H2S5	420	Q9H2S5	420		TRUE	NM_025236.4	NP_079512.3	ENST00000244360.8	352	FALSE	investigate
RESP18	Q5W5W9	228	Q5W5W9	228		TRUE	NM_001441699.1	NP_001428628.1	ENST00000333527.7	186	FALSE	investigate
SELENON	Q9NZV5	590	Q9NZV5	590		TRUE	NM_206926.2	NP_996809.1	ENST00000374315.1	556	FALSE	investigate
KRTAP6-3	Q3LI67	110	Q3LI67	110		TRUE	NM_001433434.1	NP_001420363.1	ENST00000391624.2	103	FALSE	investigate
HLA-DQA1	P01909	254	P01909	254		TRUE	NM_002122.5	NP_002113.2	ENST00000343139.11	255	FALSE	investigate
IGFN1	Q86VF2	1251	Q86VF2	1251	Q86VF2-5	TRUE	NM_001164586.2	NP_001158058.1	ENST00000335211.9	3708	FALSE	isoform
TTN	Q8WZ42	34350	Q8WZ42	34350	Q8WZ42-12	TRUE	NM_001267550.2	NP_001254479.2	ENST00000589042.5	35991	FALSE	isoform
LCOR	Q96JN0	433	Q96JN0	433	Q96JN0-3	TRUE	NM_001346516.2	NP_001333445.1	ENST00000421806.4	1557	FALSE	isoform
OBSCN	Q5VST9	7968	Q5VST9	7968	Q5VST9-7	TRUE	NM_001386125.1	NP_001373054.1	ENST00000680850.1	8925	FALSE	isoform
MICAL2	O94851	1957	O94851	1957	O94851-1	TRUE	NM_001282663.2	NP_001269592.1	ENST00000683283.1	1124	FALSE	isoform
SPATA13	Q96N96	652	Q96N96	652	Q96N96-6	TRUE	NM_001166271.3	NP_001159743.1	ENST00000382108.8	1277	FALSE	isoform
CPEB2	Q7Z5Q1	589	Q7Z5Q1	589	Q7Z5Q1-9	TRUE	NM_001177382.2	NP_001170853.1	ENST00000538197.7	1034	FALSE	isoform
IGSF22	Q8N9C0	903	Q8N9C0	903	Q8N9C0-2	TRUE	NM_173588.4	NP_775859.4	ENST00000513874.6	1326	FALSE	isoform
NEDD4	P46934	1319	P46934	1319	P46934-4	TRUE	NM_006154.4	NP_006145.2	ENST00000435532.8	900	FALSE	isoform
COL18A1	P39060	1754	P39060	1754	P39060-2	TRUE	NM_001379500.1	NP_001366429.1	ENST00000651438.1	1339	FALSE	isoform
EEF1D	P29692	281	P29692	281	P29692-2	TRUE	NM_001130053.5	NP_001123525.3	ENST00000618139.4	647	FALSE	isoform
NDUFV3	P56181	108	P56181	108	P56181-2	TRUE	NM_021075.4	NP_066553.3	ENST00000354250.7	473	FALSE	isoform
USH1C	Q9Y6N9	552	Q9Y6N9	552	Q9Y6N9-5	TRUE	NM_153676.4	NP_710142.1	ENST00000005226.12	899	FALSE	isoform
ZSWIM9	Q86XI8	627	Q86XI8	627	Q86XI8-2	TRUE	NM_199341.4	NP_955373.3	ENST00000614654.2	920	FALSE	isoform
MROH9	Q5TGP6	573	Q5TGP6	573	Q5TGP6-2	TRUE	NM_001163629.2	NP_001157101.1	ENST00000367759.9	861	FALSE	isoform
SYT7	O43581	403	O43581	403	O43581-3	TRUE	NM_001365809.2	NP_001352738.1	ENST00000539008.6	686	FALSE	isoform
MARCHF8	Q5T0T0	291	Q5T0T0	291	Q5T0T0-2	TRUE	NM_001282866.2	NP_001269795.1	ENST00000453424.7	573	FALSE	isoform
PPP1R9A	Q9ULJ8	1098	Q9ULJ8	1098	Q9ULJ8-3	TRUE	NM_001166160.2	NP_001159632.1	ENST00000433360.6	1374	FALSE	isoform
SYNJ1	O43426	1573	O43426	1573	O43426-2	TRUE	NM_203446.3	NP_982271.3	ENST00000674351.1	1311	FALSE	isoform
PALLD	Q8WX93	1383	Q8WX93	1383	Q8WX93-9	TRUE	NM_001166108.2	NP_001159580.1	ENST00000505667.6	1123	FALSE	isoform
POM121C	A8CG34	1229	A8CG34	1229	A8CG34-2	TRUE	NM_001099415.3	NP_001092885.2	ENST00000615331.5	987	FALSE	isoform
FGA	P02671	866	P02671	866	P02671-2	TRUE	NM_021871.4	NP_068657.1	ENST00000403106.8	644	FALSE	isoform
PTPRB	P23467	1997	P23467	1997	P23467-3	TRUE	NM_001109754.4	NP_001103224.1	ENST00000334414.11	2215	FALSE	isoform
PCDH15	Q96QU1	1955	Q96QU1	1955	Q96QU1-7	TRUE	NM_001384140.1	NP_001371069.1	ENST00000644397.2	1740	FALSE	isoform
CCSER2	Q9H7U1	834	Q9H7U1	834	Q9H7U1-3	TRUE	NM_001284240.2	NP_001271169.1	ENST00000372088.8	1047	FALSE	isoform
JAKMIP1	Q96N16	626	Q96N16	626	Q96N16-2	TRUE	NM_001099433.2	NP_001092903.1	ENST00000409021.9	831	FALSE	isoform
CCDC33	Q8N5R6	958	Q8N5R6	958	Q8N5R6-6	TRUE	NM_025055.5	NP_079331.3	ENST00000398814.8	755	FALSE	isoform
FHOD3	Q2V2M9	1422	Q2V2M9	1422	Q2V2M9-4	TRUE	NM_001281740.3	NP_001268669.1	ENST00000590592.6	1622	FALSE	isoform
SPTB	P11277	2137	P11277	2137	P11277-2	TRUE	NM_001355436.2	NP_001342365.1	ENST00000644917.1	2328	FALSE	isoform
MCC	P23508	829	P23508	829	P23508-2	TRUE	NM_001085377.2	NP_001078846.2	ENST00000408903.7	1019	FALSE	isoform
IQCN	Q9H0B3	1180	Q9H0B3	1180	Q9H0B3-4	TRUE	NM_001145304.2	NP_001138776.1	ENST00000392413.5	1367	FALSE	isoform
C1orf159	Q96HA4	380	Q96HA4	380	Q96HA4-4	TRUE	NM_017891.5	NP_060361.4	ENST00000421241.7	198	FALSE	isoform
C6orf136	Q5SQH8	315	Q5SQH8	315	Q5SQH8-4	TRUE	NM_001161376.2	NP_001154848.1	ENST00000651131.1	496	FALSE	isoform
PIGQ	Q9BRB3	760	Q9BRB3	760	Q9BRB3-2	TRUE	NM_004204.5	NP_004195.2	ENST00000321878.10	581	FALSE	isoform
PCDH1	Q08174	1060	Q08174	1060	Q08174-2	TRUE	NM_032420.5	NP_115796.2	ENST00000287008.8	1237	FALSE	isoform
CCDC50	Q8IVM0	306	Q8IVM0	306	Q8IVM0-2	TRUE	NM_178335.3	NP_848018.1	ENST00000392455.9	482	FALSE	isoform
FAM107B	Q9H098	131	Q9H098	131	Q9H098-2	TRUE	NM_031453.4	NP_113641.2	ENST00000181796.7	306	FALSE	isoform
XIRP2	A4UGR9	3374	A4UGR9	3374	A4UGR9-8	TRUE	NM_152381.6	NP_689594.4	ENST00000409195.6	3549	FALSE	isoform
LRRFIP1	Q32MZ4	808	Q32MZ4	808	Q32MZ4-4	TRUE	NM_001137550.2	NP_001131022.1	ENST00000308482.14	640	FALSE	isoform
SYNPO2	Q9UMS6	1093	Q9UMS6	1093	Q9UMS6-2	TRUE	NM_133477.3	NP_597734.2	ENST00000307142.9	1261	FALSE	isoform
PLEKHA5	Q9HAU0	1116	Q9HAU0	1116	Q9HAU0-6	TRUE	NM_001256470.2	NP_001243399.1	ENST00000429027.7	1282	FALSE	isoform
TBC1D30	Q9Y2I9	924	Q9Y2I9	924	Q9Y2I9-2	TRUE	NM_015279.2	NP_056094.1	ENST00000539867.6	761	FALSE	isoform
CRNKL1	Q9BZJ0	848	Q9BZJ0	848	Q9BZJ0-2	TRUE	NM_001278628.2	NP_001265557.1	ENST00000536226.2	687	FALSE	isoform
RAPGEF2	Q9Y4G8	1499	Q9Y4G8	1499	Q9Y4G8-2	TRUE	NM_001394067.2	NP_001380996.1	ENST00000691494.1	1660	FALSE	isoform
CLIC5	Q9NZA1	410	Q9NZA1	410	Q9NZA1-2	TRUE	NM_016929.5	NP_058625.2	ENST00000339561.12	251	FALSE	isoform
GLIS3	Q8NEA6	775	Q8NEA6	775	Q8NEA6-2	TRUE	NM_001042413.2	NP_001035878.1	ENST00000381971.8	930	FALSE	isoform
ENTREP1	Q15884	450	Q15884	450	Q15884-4	TRUE	NM_001347995.2	NP_001334924.1	ENST00000303068.14	603	FALSE	isoform
IQSEC1	Q6DN90	963	Q6DN90	963	Q6DN90-3	TRUE	NM_001134382.3	NP_001127854.1	ENST00000613206.2	1114	FALSE	isoform
RUFY3	Q7L099	469	Q7L099	469	Q7L099-3	TRUE	NM_001037442.4	NP_001032519.1	ENST00000381006.8	620	FALSE	isoform
HLCS	P50747	726	P50747	726	P50747-2	TRUE	NM_001352514.2	NP_001339443.1	ENST00000674895.3	873	FALSE	isoform
RGS20	O76081	388	O76081	388	O76081-6	TRUE	NM_003702.5	NP_003693.2	ENST00000276500.5	241	FALSE	isoform
CSMD2	Q7Z408	3487	Q7Z408	3487	Q7Z408-4	TRUE	NM_001281956.2	NP_001268885.1	ENST00000373381.9	3631	FALSE	isoform
ING1	Q9UK53	422	Q9UK53	422	Q9UK53-2	TRUE	NM_198219.3	NP_937862.1	ENST00000333219.9	279	FALSE	isoform
MUC12	Q9UKN1	5478	Q9UKN1	5478	Q9UKN1-2	TRUE	NM_001164462.2	NP_001157934.1	ENST00000536621.6	5335	FALSE	isoform
RASAL2	Q9UJF2	1139	Q9UJF2	1139	Q9UJF2-2	TRUE	NM_170692.4	NP_733793.2	ENST00000367649.8	1280	FALSE	isoform
CNOT4	O95628	575	O95628	575	O95628-10	TRUE	NM_001190850.2	NP_001177779.1	ENST00000541284.6	713	FALSE	isoform
GSPT1	P15170	499	P15170	499	P15170-3	TRUE	NM_002094.4	NP_002085.3	ENST00000434724.7	637	FALSE	isoform
PLEC	Q15149	4684	Q15149	4684	Q15149-4	TRUE	NM_201384.3	NP_958786.1	ENST00000345136.8	4547	FALSE	isoform
DUSP13B	Q9UII6	198	Q9UII6	198	Q9UII6-5	TRUE	NM_001363514.2	NP_001350443.1	ENST00000478873.7	334	FALSE	isoform
FGF2	P09038	288	P09038	288	P09038-2	TRUE	NM_001361665.2	NP_001348594.1	ENST00000644866.2	155	FALSE	isoform
NWD1	Q149M9	1564	Q149M9	1564	Q149M9-3	TRUE	NM_001007525.5	NP_001007526.3	ENST00000524140.7	1432	FALSE	isoform
RPGR	Q92834	1020	Q92834	1020	Q92834-6	TRUE	NM_001034853.2	NP_001030025.1	ENST00000645032.1	1152	FALSE	isoform
BRD1	O95696	1058	O95696	1058	O95696-2	TRUE	NM_001304808.3	NP_001291737.1	ENST00000404760.6	1189	FALSE	isoform
DMBT1	Q9UGM3	2413	Q9UGM3	2413	Q9UGM3-6	TRUE	NM_001377530.1	NP_001364459.1	ENST00000338354.10	2542	FALSE	isoform
TGIF1	Q15583	401	Q15583	401	Q15583-2	TRUE	NM_003244.4	NP_003235.1	ENST00000343820.10	272	FALSE	isoform
ZNF493	Q6ZR52	646	Q6ZR52	646	Q6ZR52-2	TRUE	NM_001076678.3	NP_001070146.1	ENST00000392288.7	774	FALSE	isoform
BPTF	Q12830	3046	Q12830	3046	Q12830-2	TRUE	NM_182641.4	NP_872579.2	ENST00000306378.11	2920	FALSE	isoform
CARNS1	A5YM72	827	A5YM72	827	A5YM72-5	TRUE	NM_001166222.2	NP_001159694.1	ENST00000687366.1	950	FALSE	isoform
NFYC	Q13952	458	Q13952	458	Q13952-2	TRUE	NM_014223.5	NP_055038.2	ENST00000447388.8	335	FALSE	isoform
MYB	P10242	640	P10242	640	P10242-4	TRUE	NM_001130173.2	NP_001123645.1	ENST00000341911.10	761	FALSE	isoform
DLX6	P56179	175	P56179	175	P56179-3	TRUE	NM_005222.4	NP_005213.3	ENST00000518156.3	293	FALSE	isoform
CMTM1	Q8IZ96	169	Q8IZ96	169	Q8IZ96-17	TRUE	NM_052999.4	NP_443725.3	ENST00000379500.7	286	FALSE	isoform
SH3D21	A4FU49	640	A4FU49	640	A4FU49-6	TRUE	NM_001162530.2	NP_001156002.1	ENST00000453908.8	756	FALSE	isoform
SREK1	Q8WXA9	508	Q8WXA9	508	Q8WXA9-2	TRUE	NM_001077199.3	NP_001070667.1	ENST00000334121.11	624	FALSE	isoform
ZNF839	A8K0R7	811	A8K0R7	811	A8K0R7-5	TRUE	NM_018335.6	NP_060805.3	ENST00000442396.7	927	FALSE	isoform
ZNF841	Q6ZN19	808	Q6ZN19	808	Q6ZN19-3	TRUE	NM_001136499.2	NP_001129971.1	ENST00000594440.6	924	FALSE	isoform
TAMM41	Q96BW9	452	Q96BW9	452	Q96BW9-3	TRUE	NM_001284401.2	NP_001271330.1	ENST00000455809.6	337	FALSE	isoform
XBP1	P17861	261	P17861	261	P17861-2	TRUE	NM_001079539.2	NP_001073007.1	ENST00000344347.6	376	FALSE	isoform
CABYR	O75952	493	O75952	493	O75952-3	TRUE	NM_153769.3	NP_722453.1	ENST00000399496.8	379	FALSE	isoform
CRMP1	Q14194	572	Q14194	572	Q14194-2	TRUE	NM_001014809.3	NP_001014809.1	ENST00000324989.12	686	FALSE	isoform
DPYSL3	Q14195	570	Q14195	570	Q14195-2	TRUE	NM_001197294.2	NP_001184223.1	ENST00000343218.10	684	FALSE	isoform
RFX8	Q6ZV50	586	Q6ZV50	586	Q6ZV50-3	TRUE	NM_001145664.2	NP_001139136.2	ENST00000428343.6	473	FALSE	isoform
PANK2	Q9BZ23	570	Q9BZ23	570	Q9BZ23-4	TRUE	NM_001386393.1	NP_001373322.1	ENST00000610179.7	460	FALSE	isoform
SLC22A31	A6NKX4	556	A6NKX4	556	A6NKX4-2	TRUE	NM_001384763.1	NP_001371692.1	ENST00000682282.1	446	FALSE	isoform
NFASC	O94856	1347	O94856	1347	O94856-9	TRUE	NM_001005388.3	NP_001005388.2	ENST00000339876.11	1240	FALSE	isoform
DDX31	Q9H8H2	851	Q9H8H2	851	Q9H8H2-5	TRUE	NM_022779.9	NP_073616.7	ENST00000372159.8	746	FALSE	isoform
DLG2	Q15700	870	Q15700	870	Q15700-2	TRUE	NM_001142699.3	NP_001136171.1	ENST00000376104.7	975	FALSE	isoform
GDPD4	Q6W3E5	623	Q6W3E5	623	Q6W3E5-2	TRUE	NM_182833.3	NP_878253.1	ENST00000315938.5	520	FALSE	isoform
NPFFR2	Q9Y5X5	522	Q9Y5X5	522	Q9Y5X5-2	TRUE	NM_004885.3	NP_004876.3	ENST00000308744.12	420	FALSE	isoform
KIF1A	Q12756	1690	Q12756	1690	Q12756-3	TRUE	NM_001244008.2	NP_001230937.1	ENST00000498729.9	1791	FALSE	isoform
WFDC5	Q8TCV5	224	Q8TCV5	224	Q8TCV5-2	TRUE	NM_145652.4	NP_663627.1	ENST00000372789.6	123	FALSE	isoform
CARD16	Q5EG05	197	Q5EG05	197	Q5EG05-2	TRUE	NM_052889.4	NP_443121.1	ENST00000673097.2	97	FALSE	isoform
DBNDD2	Q9BQY9	259	Q9BQY9	259	Q9BQY9-2	TRUE	NM_001048225.4	NP_001041690.3	ENST00000372710.5	161	FALSE	isoform
MON1A	Q86VX9	652	Q86VX9	652	Q86VX9-5	TRUE	NM_032355.4	NP_115731.3	ENST00000296473.8	555	FALSE	isoform
HLA-F	P30511	346	P30511	346	P30511-3	TRUE	NM_001098479.2	NP_001091949.1	ENST00000259951.12	442	FALSE	isoform
SGK1	O00141	431	O00141	431	O00141-2	TRUE	NM_001143676.3	NP_001137148.1	ENST00000367858.10	526	FALSE	isoform
TDRD3	Q9H7E2	651	Q9H7E2	651	Q9H7E2-3	TRUE	NM_001146070.2	NP_001139542.1	ENST00000377881.8	744	FALSE	isoform
TMEM116	Q8NCL8	245	Q8NCL8	245	Q8NCL8-2	TRUE	NM_001193531.2	NP_001180460.1	ENST00000552374.7	337	FALSE	isoform
DCAF6	Q58WW2	860	Q58WW2	860	Q58WW2-3	TRUE	NM_001198956.2	NP_001185885.1	ENST00000367840.4	951	FALSE	isoform
LAPTM4B	Q86VI4	317	Q86VI4	317	Q86VI4-2	TRUE	NM_018407.6	NP_060877.4	ENST00000521545.7	226	FALSE	isoform
PPHLN1	Q8NEY8	458	Q8NEY8	458	Q8NEY8-8	TRUE	NM_201439.2	NP_958847.1	ENST00000358314.12	367	FALSE	isoform
CCHCR1	Q8TD31	782	Q8TD31	782	Q8TD31-2	TRUE	NM_001105564.2	NP_001099034.1	ENST00000396268.8	871	FALSE	isoform
PREPL	Q4J6C6	727	Q4J6C6	727	Q4J6C6-4	TRUE	NM_001171613.2	NP_001165084.1	ENST00000409411.6	638	FALSE	isoform
GPR142	Q7Z601	462	Q7Z601	462	Q7Z601-2	TRUE	NM_001331076.1	NP_001318005.1	ENST00000582579.6	374	FALSE	isoform
IGSF9B	Q9UPX0	1349	Q9UPX0	1349	Q9UPX0-2	TRUE	NM_001277285.4	NP_001264214.1	ENST00000533871.8	1437	FALSE	isoform
CAPS	Q13938	275	Q13938	275	Q13938-4	TRUE	NM_004058.5	NP_004049.3	ENST00000588776.8	189	FALSE	isoform
TAF7L	Q5H9L4	462	Q5H9L4	462	Q5H9L4-2	TRUE	NM_001168474.2	NP_001161946.1	ENST00000356784.2	376	FALSE	isoform
ZNF669	Q96BR6	464	Q96BR6	464	Q96BR6-2	TRUE	NM_001142572.2	NP_001136044.1	ENST00000448299.7	378	FALSE	isoform
IMPDH1	P20839	514	P20839	514	P20839-6	TRUE	NM_000883.4	NP_000874.2	ENST00000338791.11	599	FALSE	isoform
INAVA	Q3KP66	663	Q3KP66	663	Q3KP66-3	TRUE	NM_001142569.3	NP_001136041.1	ENST00000413687.3	578	FALSE	isoform
AFAP1	Q8N556	730	Q8N556	730	Q8N556-2	TRUE	NM_001134647.2	NP_001128119.1	ENST00000420658.6	814	FALSE	isoform
ASPRV1	Q53RT3	343	Q53RT3	343	Q53RT3-2	TRUE	NM_152792.4	NP_690005.3	ENST00000320256.6	259	FALSE	isoform
ZFP57	Q9NU63	452	Q9NU63	452	Q9NU63-3	TRUE	NM_001109809.5	NP_001103279.2	ENST00000376883.2	536	FALSE	isoform
CACNA1C	Q13936	2221	Q13936	2221	Q13936-12	TRUE	NM_000719.7	NP_000710.5	ENST00000399655.6	2138	FALSE	isoform
CARS1	P49589	748	P49589	748	P49589-3	TRUE	NM_001014437.3	NP_001014437.1	ENST00000380525.9	831	FALSE	isoform
CAST	P20810	708	P20810	708	P20810-6	TRUE	NM_001750.7	NP_001741.4	ENST00000675179.1	791	FALSE	isoform
CCDC112	Q8NEF3	446	Q8NEF3	446	Q8NEF3-2	TRUE	NM_001040440.3	NP_001035530.1	ENST00000379611.10	529	FALSE	isoform
AGBL3	Q8NEM8	1001	Q8NEM8	1001	Q8NEM8-4	TRUE	NM_178563.4	NP_848658.3	ENST00000436302.6	920	FALSE	isoform
RTEL1	Q9NZ71	1219	Q9NZ71	1219	Q9NZ71-6	TRUE	NM_001283009.2	NP_001269938.1	ENST00000360203.11	1300	FALSE	isoform
TMIGD3	P0DMS9	266	P0DMS9	266	P0DMS9-2	TRUE	NM_020683.7	NP_065734.5	ENST00000369716.9	347	FALSE	isoform
FAM193B	Q96PV7	902	Q96PV7	902	Q96PV7-3	TRUE	NM_001190946.3	NP_001177875.1	ENST00000514747.6	822	FALSE	isoform
INPP5B	P32019	993	P32019	993	P32019-2	TRUE	NM_005540.3	NP_005531.2	ENST00000373024.8	913	FALSE	isoform
STARD8	Q92502	1023	Q92502	1023	Q92502-2	TRUE	NM_001142503.3	NP_001135975.1	ENST00000374599.8	1103	FALSE	isoform
THRA	P10827	490	P10827	490	P10827-2	TRUE	NM_199334.5	NP_955366.1	ENST00000450525.7	410	FALSE	isoform
CDCA7	Q9BWT1	371	Q9BWT1	371	Q9BWT1-2	TRUE	NM_031942.5	NP_114148.3	ENST00000306721.8	450	FALSE	isoform
MAMDC4	Q6UXC1	1216	Q6UXC1	1216	Q6UXC1-2	TRUE	NM_206920.3	NP_996803.2	ENST00000317446.7	1137	FALSE	isoform
ZNF302	Q9NR11	478	Q9NR11	478	Q9NR11-2	TRUE	NM_001289187.2	NP_001276116.1	ENST00000505242.6	399	FALSE	isoform
SLC17A3	O00476	420	O00476	420	O00476-2	TRUE	NM_001098486.2	NP_001091956.1	ENST00000397060.8	498	FALSE	isoform
STPG3	Q8N7X2	386	Q8N7X2	386	Q8N7X2-4	TRUE	NM_001004353.4	NP_001004353.2	ENST00000412566.6	308	FALSE	isoform
ZNF414	Q96IQ9	312	Q96IQ9	312	Q96IQ9-2	TRUE	NM_001146175.2	NP_001139647.1	ENST00000393927.9	390	FALSE	isoform
GNAL	P38405	381	P38405	381	P38405-2	TRUE	NM_182978.4	NP_892023.1	ENST00000334049.11	458	FALSE	isoform
MCF2	P10911	925	P10911	925	P10911-5	TRUE	NM_001171876.2	NP_001165347.1	ENST00000519895.6	1001	FALSE	isoform
CPNE7	Q9UBL6	633	Q9UBL6	633	Q9UBL6-2	TRUE	NM_153636.3	NP_705900.1	ENST00000319518.13	558	FALSE	isoform
KCNC1	P48547	511	P48547	511	P48547-2	TRUE	NM_001112741.2	NP_001106212.1	ENST00000265969.8	585	FALSE	isoform
NFIB	O00712	420	O00712	420	O00712-5	TRUE	NM_001190737.2	NP_001177666.1	ENST00000380953.6	494	FALSE	isoform
C1QTNF3	Q9BXJ4	246	Q9BXJ4	246	Q9BXJ4-3	TRUE	NM_181435.6	NP_852100.3	ENST00000382065.8	319	FALSE	isoform
KHDC1	Q4VXA5	237	Q4VXA5	237	Q4VXA5-2	TRUE	NM_030568.5	NP_085045.3	ENST00000257765.10	164	FALSE	isoform
PLSCR2	Q9NRY7	297	Q9NRY7	297	Q9NRY7-1	TRUE	NM_001395437.1	NP_001382366.1	ENST00000696113.1	224	FALSE	isoform
SLC6A9	P48067	706	P48067	706	P48067-2	TRUE	NM_001024845.3	NP_001020016.1	ENST00000372310.8	633	FALSE	isoform
TVP23C	Q96ET8	276	Q96ET8	276	Q96ET8-3	TRUE	NM_001135036.2	NP_001128508.1	ENST00000518321.6	203	FALSE	isoform
WT1	P19544	449	P19544	449	P19544-7	TRUE	NM_024426.6	NP_077744.4	ENST00000452863.10	522	FALSE	isoform
DNAJB5	O75953	348	O75953	348	O75953-4	TRUE	NM_001349723.3	NP_001336652.1	ENST00000682809.1	420	FALSE	isoform
APOL3	O95236	402	O95236	402	O95236-2	TRUE	NM_145639.2	NP_663614.1	ENST00000424878.4	331	FALSE	isoform
EHBP1	Q8NDI1	1231	Q8NDI1	1231	Q8NDI1-3	TRUE	NM_001142616.3	NP_001136088.1	ENST00000431489.6	1160	FALSE	isoform
IL17RC	Q8NAC3	791	Q8NAC3	791	Q8NAC3-2	TRUE	NM_153460.4	NP_703190.2	ENST00000403601.8	720	FALSE	isoform
USP25	Q9UHP3	1055	Q9UHP3	1055	Q9UHP3-3	TRUE	NM_001283041.3	NP_001269970.1	ENST00000400183.7	1125	FALSE	isoform
EPHB2	P29323	1055	P29323	1055	P29323-2	TRUE	NM_017449.5	NP_059145.2	ENST00000374630.8	986	FALSE	isoform
LMO2	P25791	158	P25791	158	P25791-3	TRUE	NM_005574.4	NP_005565.2	ENST00000257818.3	227	FALSE	isoform
MDGA2	Q7Z553	956	Q7Z553	956	Q7Z553-3	TRUE	NM_001113498.3	NP_001106970.4	ENST00000399232.8	1025	FALSE	isoform
MDGA2	Q7Z553	956	Q7Z553	956	Q7Z553-3	TRUE	NM_001113498.3	NP_001106970.4	ENST00000399232.8	1025	FALSE	isoform
PODNL1	Q6PEZ8	505	Q6PEZ8	505	Q6PEZ8-4	TRUE	NM_001370095.3	NP_001357024.2	ENST00000588872.3	574	FALSE	isoform
SHLD2	Q86V20	835	Q86V20	835	Q86V20-2	TRUE	NM_001330112.2	NP_001317041.1	ENST00000298786.5	904	FALSE	isoform
SLC35F3	Q8IY50	421	Q8IY50	421	Q8IY50-2	TRUE	NM_173508.4	NP_775779.1	ENST00000366618.8	490	FALSE	isoform
WDR27	A2RRH5	827	A2RRH5	827	A2RRH5-4	TRUE	NM_182552.5	NP_872358.4	ENST00000448612.6	895	FALSE	isoform
LTBP4	Q8N2S1	1624	Q8N2S1	1624	Q8N2S1-2	TRUE	NM_001042545.2	NP_001036010.1	ENST00000396819.8	1557	FALSE	isoform
MXI1	P50539	228	P50539	228	P50539-3	TRUE	NM_130439.3	NP_569157.2	ENST00000332674.9	295	FALSE	isoform
TXNDC2	Q86VQ3	553	Q86VQ3	553	Q86VQ3-2	TRUE	NM_032243.6	NP_115619.4	ENST00000357775.6	486	FALSE	isoform
CCDC120	Q96HB5	630	Q96HB5	630	Q96HB5-4	TRUE	NM_001163321.4	NP_001156793.2	ENST00000603986.6	696	FALSE	isoform
CCDC74A	Q96AQ1	378	Q96AQ1	378	Q96AQ1-2	TRUE	NM_001258306.3	NP_001245235.1	ENST00000409856.8	312	FALSE	isoform
CCDC74B	Q96LY2	380	Q96LY2	380	Q96LY2-2	TRUE	NM_001258307.2	NP_001245236.1	ENST00000409943.8	314	FALSE	isoform
KLC1	Q07866	573	Q07866	573	Q07866-9	TRUE	NM_001394837.1	NP_001381766.1	ENST00000334553.11	639	FALSE	isoform
MT1E	P04732	61	P04732	61	P04732-2	TRUE	NM_001363555.2	NP_001350484.1	ENST00000330439.7	127	FALSE	isoform
NHERF4	Q86UT5	571	Q86UT5	571	Q86UT5-2	TRUE	NM_001168468.2	NP_001161940.1	ENST00000355547.10	505	FALSE	isoform
TSC22D3	Q99576	134	Q99576	134	Q99576-3	TRUE	NM_198057.3	NP_932174.1	ENST00000372383.9	200	FALSE	isoform
USP19	O94966	1318	O94966	1318	O94966-6	TRUE	NM_001199161.2	NP_001186090.1	ENST00000417901.6	1384	FALSE	isoform
ZNF625	Q96I27	306	Q96I27	306	Q96I27-2	TRUE	NM_145233.4	NP_660276.2	ENST00000439556.3	372	FALSE	isoform
ZNF701	Q9NV72	531	Q9NV72	531	Q9NV72-2	TRUE	NM_018260.3	NP_060730.2	ENST00000391785.8	465	FALSE	isoform
RHBDL1	O75783	438	O75783	438	O75783-2	TRUE	NM_001278720.2	NP_001265649.1	ENST00000352681.8	373	FALSE	isoform
BSCL2	Q96G97	398	Q96G97	398	Q96G97-4	TRUE	NM_001122955.4	NP_001116427.1	ENST00000360796.10	462	FALSE	isoform
DDX11	Q96FC9	970	Q96FC9	970	Q96FC9-2	TRUE	NM_030653.4	NP_085911.2	ENST00000542838.6	906	FALSE	isoform
SNX7	Q9UNH6	387	Q9UNH6	387	Q9UNH6-3	TRUE	NM_015976.5	NP_057060.2	ENST00000306121.8	451	FALSE	isoform
GPM6B	Q13491	265	Q13491	265	Q13491-4	TRUE	NM_001001995.3	NP_001001995.1	ENST00000316715.9	328	FALSE	isoform
AP3D1	O14617	1153	O14617	1153	O14617-5	TRUE	NM_001261826.3	NP_001248755.1	ENST00000643116.3	1215	FALSE	isoform
CAGE1	Q8TC20	777	Q8TC20	777	Q8TC20-5	TRUE	NM_001170692.2	NP_001164163.1	ENST00000502583.6	839	FALSE	isoform
ELN	P15502	786	P15502	786	P15502-2	TRUE	NM_000501.4	NP_000492.2	ENST00000252034.12	724	FALSE	isoform
FAM181A	Q8N9Y4	354	Q8N9Y4	354	Q8N9Y4-2	TRUE	NM_001207073.2	NP_001194002.1	ENST00000556222.2	292	FALSE	isoform
FGF12	P61328	243	P61328	243	P61328-2	TRUE	NM_004113.6	NP_004104.3	ENST00000445105.7	181	FALSE	isoform
DEF8	Q6ZN54	512	Q6ZN54	512	Q6ZN54-5	TRUE	NM_001242818.2	NP_001229747.1	ENST00000563594.6	451	FALSE	isoform
PGAP2	Q9UHJ9	254	Q9UHJ9	254	Q9UHJ9-2	TRUE	NM_014489.4	NP_055304.1	ENST00000278243.9	315	FALSE	isoform
SEH1L	Q96EE3	360	Q96EE3	360	Q96EE3-1	TRUE	NM_001013437.2	NP_001013455.1	ENST00000399892.7	421	FALSE	isoform
B4GALNT2	Q8NHY0	566	Q8NHY0	566	Q8NHY0-2	TRUE	NM_001159387.2	NP_001152859.1	ENST00000393354.7	506	FALSE	isoform
DUSP15	Q9H1R2	295	Q9H1R2	295	Q9H1R2-3	TRUE	NM_080611.5	NP_542178.2	ENST00000339738.10	235	FALSE	isoform
NT5C1B	Q96P26	610	Q96P26	610	Q96P26-2	TRUE	NM_033253.4	NP_150278.2	ENST00000304081.9	550	FALSE	isoform
CR2	P20023	1033	P20023	1033	P20023-3	TRUE	NM_001006658.3	NP_001006659.1	ENST00000367057.8	1092	FALSE	isoform
NAV2	Q8IVL1	2488	Q8IVL1	2488	Q8IVL1-3	TRUE	NM_145117.5	NP_660093.2	ENST00000349880.9	2429	FALSE	isoform
NHSL3	Q9P206	1035	Q9P206	1035	Q9P206-2	TRUE	NM_020888.3	NP_065939.2	ENST00000401073.7	1094	FALSE	isoform
SESN1	Q9Y6P5	492	Q9Y6P5	492	Q9Y6P5-2	TRUE	NM_014454.3	NP_055269.1	ENST00000436639.7	551	FALSE	isoform
SOHLH1	Q5JUK2	328	Q5JUK2	328	Q5JUK2-2	TRUE	NM_001101677.2	NP_001095147.2	ENST00000425225.2	387	FALSE	isoform
TSPAN17	Q96FV3	270	Q96FV3	270	Q96FV3-4	TRUE	NM_130465.5	NP_569732.2	ENST00000508164.6	329	FALSE	isoform
EXD1	Q8NHP7	514	Q8NHP7	514	Q8NHP7-3	TRUE	NM_001286441.2	NP_001273370.1	ENST00000458580.7	572	FALSE	isoform
HDAC9	Q9UKV0	1011	Q9UKV0	1011	Q9UKV0-7	TRUE	NM_178425.4	NP_848512.1	ENST00000686413.1	1069	FALSE	isoform
RCOR3	Q9P2K3	495	Q9P2K3	495	Q9P2K3-3	TRUE	NM_001136223.3	NP_001129695.1	ENST00000419091.7	553	FALSE	isoform
DNAJC6	O75061	913	O75061	913	O75061-2	TRUE	NM_001256864.2	NP_001243793.1	ENST00000371069.5	970	FALSE	isoform
IDI1	Q13907	227	Q13907	227	Q13907-2	TRUE	NM_004508.4	NP_004499.2	ENST00000381344.8	284	FALSE	isoform
ITGA6	P23229	1130	P23229	1130	P23229-2	TRUE	NM_000210.4	NP_000201.2	ENST00000684293.1	1073	FALSE	isoform
NLRP7	Q8WX94	980	Q8WX94	980	Q8WX94-3	TRUE	NM_001127255.2	NP_001120727.1	ENST00000592784.6	1037	FALSE	isoform
PRSS3	P35030	304	P35030	304	P35030-3	TRUE	NM_002771.4	NP_002762.3	ENST00000379405.4	247	FALSE	isoform
REPIN1	Q9BWE0	567	Q9BWE0	567	Q9BWE0-4	TRUE	NM_001099695.2	NP_001093165.1	ENST00000489432.7	624	FALSE	isoform
RNF216	Q9NWF9	866	Q9NWF9	866	Q9NWF9-1	TRUE	NM_207111.4	NP_996994.1	ENST00000389902.8	923	FALSE	isoform
YME1L1	Q96TA2	773	Q96TA2	773	Q96TA2-2	TRUE	NM_014263.4	NP_055078.1	ENST00000376016.8	716	FALSE	isoform
ZMAT1	Q5H9K5	638	Q5H9K5	638	Q5H9K5-3	TRUE	NM_001394560.1	NP_001381489.1	ENST00000651725.2	695	FALSE	isoform
ADAMTS13	Q76LX8	1427	Q76LX8	1427	Q76LX8-2	TRUE	NM_139027.6	NP_620596.2	ENST00000355699.7	1371	FALSE	isoform
FAM161A	Q3B820	660	Q3B820	660	Q3B820-3	TRUE	NM_001201543.2	NP_001188472.1	ENST00000404929.6	716	FALSE	isoform
IRAG2	Q12912	555	Q12912	555	Q12912-2	TRUE	NM_001366544.2	NP_001353473.1	ENST00000556887.6	499	FALSE	isoform
MRPL43	Q8N983	215	Q8N983	215	Q8N983-4	TRUE	NM_032112.3	NP_115488.2	ENST00000318364.13	159	FALSE	isoform
ARHGAP26	Q9UNA1	814	Q9UNA1	814	Q9UNA1-2	TRUE	NM_001135608.3	NP_001129080.1	ENST00000645722.2	759	FALSE	isoform
EEF1AKMT2	Q5JPI9	236	Q5JPI9	236	Q5JPI9-1	TRUE	NM_212554.4	NP_997719.2	ENST00000368836.7	291	FALSE	isoform
NPHP1	O15259	732	O15259	732	O15259-2	TRUE	NM_001128178.3	NP_001121650.1	ENST00000445609.7	677	FALSE	isoform
OPA1	O60313	960	O60313	960	O60313-10	TRUE	NM_130837.3	NP_570850.2	ENST00000361510.8	1015	FALSE	isoform
PJA1	Q8NG27	643	Q8NG27	643	Q8NG27-3	TRUE	NM_001032396.4	NP_001027568.1	ENST00000374571.5	588	FALSE	isoform
RREB1	Q92766	1687	Q92766	1687	Q92766-2	TRUE	NM_001003699.4	NP_001003699.1	ENST00000379938.7	1742	FALSE	isoform
SGSM1	Q2NKQ1	1148	Q2NKQ1	1148	Q2NKQ1-4	TRUE	NM_001098497.3	NP_001091967.1	ENST00000400358.9	1093	FALSE	isoform
ALDOA	P04075	364	P04075	364	P04075-2	TRUE	NM_001243177.4	NP_001230106.1	ENST00000642816.3	418	FALSE	isoform
CDYL	Q9Y232	598	Q9Y232	598	Q9Y232-2	TRUE	NM_004824.4	NP_004815.3	ENST00000397588.8	544	FALSE	isoform
MLX	Q9UH92	298	Q9UH92	298	Q9UH92-3	TRUE	NM_198204.2	NP_937847.1	ENST00000435881.7	244	FALSE	isoform
PGPEP1L	A6NFU8	196	A6NFU8	196	A6NFU8-2	TRUE	NM_001167902.2	NP_001161374.1	ENST00000535714.2	142	FALSE	isoform
SCYL3	Q8IZE3	742	Q8IZE3	742	Q8IZE3-2	TRUE	NM_020423.7	NP_065156.5	ENST00000367771.11	688	FALSE	isoform
TDRD5	Q8NAT2	981	Q8NAT2	981	Q8NAT2-1	TRUE	NM_001199085.3	NP_001186014.1	ENST00000444136.6	1035	FALSE	isoform
ARID1B	Q8NFD5	2319	Q8NFD5	2319	Q8NFD5-3	TRUE	NM_001374828.1	NP_001361757.1	ENST00000636930.2	2372	FALSE	isoform
C20orf173	Q96LM9	149	Q96LM9	149	Q96LM9-2	TRUE	NM_001145350.2	NP_001138822.1	ENST00000444723.3	202	FALSE	isoform
MIER1	Q8N108	512	Q8N108	512	Q8N108-12	TRUE	NM_001077700.3	NP_001071168.2	ENST00000401041.6	565	FALSE	isoform
RFESD	Q8TAC1	157	Q8TAC1	157	Q8TAC1-2	TRUE	NM_001131066.2	NP_001124538.1	ENST00000380005.9	210	FALSE	isoform
DACH1	Q9UI36	758	Q9UI36	758	Q9UI36-2	TRUE	NM_080759.6	NP_542937.3	ENST00000613252.5	706	FALSE	isoform
HAP1	P54257	671	P54257	671	P54257-2	TRUE	NM_177977.3	NP_817084.2	ENST00000347901.9	619	FALSE	isoform
ASIC2	Q16515	512	Q16515	512	Q16515-2	TRUE	NM_183377.2	NP_899233.1	ENST00000225823.7	563	FALSE	isoform
BRWD1	Q9NSI6	2320	Q9NSI6	2320	Q9NSI6-2	TRUE	NM_033656.4	NP_387505.1	ENST00000342449.8	2269	FALSE	isoform
C2CD5	Q86YS7	1000	Q86YS7	1000	Q86YS7-3	TRUE	NM_001286176.2	NP_001273105.1	ENST00000446597.6	1051	FALSE	isoform
EXOC7	Q9UPT5	735	Q9UPT5	735	Q9UPT5-1	TRUE	NM_001013839.4	NP_001013861.1	ENST00000589210.6	684	FALSE	isoform
GSN	P06396	782	P06396	782	P06396-2	TRUE	NM_198252.3	NP_937895.1	ENST00000432226.7	731	FALSE	isoform
KCNE4	Q8WWG9	221	Q8WWG9	221	Q8WWG9-3	TRUE	NM_080671.4	NP_542402.4	ENST00000281830.4	170	FALSE	isoform
MFF	Q9GZY8	342	Q9GZY8	342	Q9GZY8-2	TRUE	NM_001277062.2	NP_001263991.1	ENST00000304593.14	291	FALSE	isoform
PGF	P49763	221	P49763	221	P49763-3	TRUE	NM_002632.6	NP_002623.2	ENST00000555567.6	170	FALSE	isoform
SHISA6	Q6ZSJ9	500	Q6ZSJ9	500	Q6ZSJ9-3	TRUE	NM_207386.4	NP_997269.2	ENST00000441885.8	551	FALSE	isoform
TMCO1	Q9UM00	239	Q9UM00	239	Q9UM00-1	TRUE	NM_019026.6	NP_061899.3	ENST00000367881.11	188	FALSE	isoform
CCPG1	Q9ULG6	757	Q9ULG6	757	Q9ULG6-5	TRUE	NM_001204450.2	NP_001191379.1	ENST00000442196.8	807	FALSE	isoform
HTR3D	Q70Z44	454	Q70Z44	454	Q70Z44-4	TRUE	NM_001145143.1	NP_001138615.1	ENST00000428798.7	404	FALSE	isoform
DENND4C	Q5VZ89	1909	Q5VZ89	1909	Q5VZ89-7	TRUE	NM_001330640.2	NP_001317569.1	ENST00000434457.7	1958	FALSE	isoform
DHRS12	A0PJE2	317	A0PJE2	317	A0PJE2-4	TRUE	NM_001377533.1	NP_001364462.1	ENST00000444610.8	268	FALSE	isoform
HM13	Q8TCT9	377	Q8TCT9	377	Q8TCT9-2	TRUE	NM_178581.3	NP_848696.1	ENST00000398174.9	426	FALSE	isoform
ZFHX4	Q86UP3	3567	Q86UP3	3567	Q86UP3-5	TRUE	NM_024721.5	NP_078997.4	ENST00000651372.2	3616	FALSE	isoform
DAZ3	Q9NR90	486	Q9NR90	486	Q9NR90-2	TRUE	NM_020364.4	NP_065097.2	ENST00000382365.7	438	FALSE	isoform
GPR107	Q5VW38	600	Q5VW38	600	Q5VW38-2	TRUE	NM_020960.5	NP_066011.2	ENST00000347136.11	552	FALSE	isoform
KCNAB2	Q13303	367	Q13303	367	Q13303-3	TRUE	NM_001199862.2	NP_001186791.1	ENST00000378083.8	415	FALSE	isoform
MYOCD	Q8IZQ8	938	Q8IZQ8	938	Q8IZQ8-3	TRUE	NM_001146312.3	NP_001139784.1	ENST00000425538.6	986	FALSE	isoform
PLPPR4	Q7Z2D5	763	Q7Z2D5	763	Q7Z2D5-4	TRUE	NM_014839.5	NP_055654.3	ENST00000370185.9	715	FALSE	isoform
RIPK4	P57078	832	P57078	832	P57078-2	TRUE	NM_020639.3	NP_065690.2	ENST00000332512.8	784	FALSE	isoform
ZMYND8	Q9ULU4	1186	Q9ULU4	1186	Q9ULU4-7	TRUE	NM_001281775.3	NP_001268704.1	ENST00000471951.7	1234	FALSE	isoform
ZNF415	Q09FC8	603	Q09FC8	603	Q09FC8-5	TRUE	NM_018355.4	NP_060825.2	ENST00000243643.9	555	FALSE	isoform
FBLN2	P98095	1184	P98095	1184	P98095-2	TRUE	NM_001004019.2	NP_001004019.1	ENST00000404922.8	1231	FALSE	isoform
INSC	Q1MX18	579	Q1MX18	579	Q1MX18-2	TRUE	NM_001042536.3	NP_001036001.1	ENST00000379556.8	532	FALSE	isoform
IQCJ	Q1A5X6	159	Q1A5X6	159	Q1A5X6-2	TRUE	NM_001042706.3	NP_001036171.1	ENST00000397832.7	112	FALSE	isoform
PRKACB	P22694	351	P22694	351	P22694-2	TRUE	NM_182948.4	NP_891993.1	ENST00000370685.7	398	FALSE	isoform
TMEM44	Q2T9K0	475	Q2T9K0	475	Q2T9K0-2	TRUE	NM_001011655.3	NP_001011655.1	ENST00000347147.9	428	FALSE	isoform
CREM	Q03060	345	Q03060	345	Q03060-31	TRUE	NM_183011.2	NP_898829.1	ENST00000685392.1	299	FALSE	isoform
DBN1	Q16643	649	Q16643	649	Q16643-3	TRUE	NM_001363541.2	NP_001350470.2	ENST00000393565.6	695	FALSE	isoform
ECE2	P0DPD6	811	P0DPD6	811	P0DPD6-2	TRUE	NM_001100121.2	NP_001093591.1	ENST00000404464.8	765	FALSE	isoform
EPS15L1	Q9UBC2	864	Q9UBC2	864	Q9UBC2-2	TRUE	NM_001258374.3	NP_001245303.1	ENST00000455140.7	910	FALSE	isoform
FYB1	O15117	783	O15117	783	O15117-2	TRUE	NM_001465.6	NP_001456.3	ENST00000512982.4	829	FALSE	isoform
IL32	P24001	234	P24001	234	P24001-2	TRUE	NM_001376923.1	NP_001363852.1	ENST00000525643.7	188	FALSE	isoform
KLHL5	Q96PQ7	755	Q96PQ7	755	Q96PQ7-6	TRUE	NM_015990.5	NP_057074.4	ENST00000504108.7	709	FALSE	isoform
RCAN2	Q14206	197	Q14206	197	Q14206-2	TRUE	NM_001251974.2	NP_001238903.1	ENST00000371374.6	243	FALSE	isoform
SLC25A25	Q6KCM7	469	Q6KCM7	469	Q6KCM7-3	TRUE	NM_001330988.2	NP_001317917.1	ENST00000373069.10	515	FALSE	isoform
TEX14	Q8IWB6	1497	Q8IWB6	1497	Q8IWB6-3	TRUE	NM_031272.5	NP_112562.3	ENST00000349033.10	1451	FALSE	isoform
YY1AP1	Q9H869	796	Q9H869	796	Q9H869-2	TRUE	NM_139119.3	NP_620830.1	ENST00000355499.9	750	FALSE	isoform
ZNF711	Q9Y462	761	Q9Y462	761	Q9Y462-3	TRUE	NM_001330574.2	NP_001317503.1	ENST00000674551.1	807	FALSE	isoform
AGAP9	Q5VTM2	703	Q5VTM2	703	Q5VTM2-2	TRUE	NM_001190810.1	NP_001177739.1	ENST00000452145.6	658	FALSE	isoform
CARD19	Q96LW7	228	Q96LW7	228	Q96LW7-2	TRUE	NM_032310.5	NP_115686.3	ENST00000375464.7	183	FALSE	isoform
FCAMR	Q8WWV6	532	Q8WWV6	532	Q8WWV6-6	TRUE	NM_001170631.2	NP_001164102.1	ENST00000324852.9	577	FALSE	isoform
NOMO2	Q5JPE7	1267	Q5JPE7	1267	Q5JPE7-2	TRUE	NM_173614.4	NP_775885.1	ENST00000622306.5	1222	FALSE	isoform
SGSM2	O43147	1006	O43147	1006	O43147-2	TRUE	NM_014853.3	NP_055668.2	ENST00000268989.8	1051	FALSE	isoform
SLC4A7	Q9Y6M7	1214	Q9Y6M7	1214	Q9Y6M7-7	TRUE	NM_001321103.2	NP_001308032.1	ENST00000454389.6	1259	FALSE	isoform
WFDC6	Q9BQY6	131	Q9BQY6	131	Q9BQY6-2	TRUE	NM_080827.2	NP_543017.1	ENST00000372670.8	86	FALSE	isoform
CCDC9B	Q6ZUT6	534	Q6ZUT6	534	Q6ZUT6-5	TRUE	NM_207380.3	NP_997263.3	ENST00000397536.7	490	FALSE	isoform
CCNA1	P78396	465	P78396	465	P78396-3	TRUE	NM_001413923.1	NP_001400852.1	ENST00000255465.8	421	FALSE	isoform
ETS1	P14921	441	P14921	441	P14921-3	TRUE	NM_001143820.2	NP_001137292.1	ENST00000392668.8	485	FALSE	isoform
ITGA7	Q13683	1181	Q13683	1181	Q13683-7	TRUE	NM_002206.3	NP_002197.2	ENST00000257879.11	1137	FALSE	isoform
OSGIN2	Q9Y236	505	Q9Y236	505	Q9Y236-2	TRUE	NM_001126111.3	NP_001119583.1	ENST00000451899.7	549	FALSE	isoform
OVCH1	Q7RTY7	1134	Q7RTY7	1134	Q7RTY7-2	TRUE	NM_001353179.2	NP_001340108.1	ENST00000537054.2	1090	FALSE	isoform
PKP2	Q99959	881	Q99959	881	Q99959-2	TRUE	NM_001005242.3	NP_001005242.2	ENST00000340811.9	837	FALSE	isoform
SNPH	O15079	494	O15079	494	O15079-2	TRUE	NM_001318234.2	NP_001305163.1	ENST00000381867.6	538	FALSE	isoform
UPK3B	Q9BT76	320	Q9BT76	320	Q9BT76-3	TRUE	NM_001347684.2	NP_001334613.1	ENST00000334348.8	276	FALSE	isoform
ASCC1	Q8N9N2	400	Q8N9N2	400	Q8N9N2-2	TRUE	NM_001198800.3	NP_001185729.1	ENST00000672957.1	357	FALSE	isoform
CALML4	Q96GE6	196	Q96GE6	196	Q96GE6-6	TRUE	NM_033429.3	NP_219501.3	ENST00000467889.3	153	FALSE	isoform
MYCBPAP	Q8TBZ2	984	Q8TBZ2	984	Q8TBZ2-2	TRUE	NM_032133.6	NP_115509.5	ENST00000323776.11	941	FALSE	isoform
NIN	Q8N4C6	2090	Q8N4C6	2090	Q8N4C6-7	TRUE	NM_020921.4	NP_065972.4	ENST00000530997.7	2133	FALSE	isoform
PLA2G2F	Q9BZM2	168	Q9BZM2	168	Q9BZM2-2	TRUE	NM_022819.4	NP_073730.3	ENST00000375102.4	211	FALSE	isoform
SCARB1	Q8WTV0	552	Q8WTV0	552	Q8WTV0-2	TRUE	NM_005505.5	NP_005496.4	ENST00000261693.11	509	FALSE	isoform
TMEM239	Q8WW34	195	Q8WW34	195	Q8WW34-2	TRUE	NM_001167670.3	NP_001161142.1	ENST00000380585.2	152	FALSE	isoform
TMEM239	Q8WW34	195	Q8WW34	195	Q8WW34-2	TRUE	NM_001167670.3	NP_001161142.1	ENST00000380585.2	152	FALSE	isoform
XPNPEP1	Q9NQW7	623	Q9NQW7	623	Q9NQW7-3	TRUE	NM_020383.4	NP_065116.3	ENST00000502935.6	666	FALSE	isoform
ANKUB1	A6NFN9	502	A6NFN9	502	A6NFN9-3	TRUE	NM_001144960.3	NP_001138432.1	ENST00000446160.7	544	FALSE	isoform
CIT	O14578	2027	O14578	2027	O14578-4	TRUE	NM_001206999.2	NP_001193928.1	ENST00000392521.7	2069	FALSE	isoform
IGF1	P05019	195	P05019	195	P05019-2	TRUE	NM_000618.5	NP_000609.1	ENST00000337514.11	153	FALSE	isoform
MYH7B	A7E2Y1	1983	A7E2Y1	1983	A7E2Y1-4	TRUE	NM_020884.7	NP_065935.4	ENST00000262873.13	1941	FALSE	isoform
ZNF41	P51814	821	P51814	821	P51814-6	TRUE	NM_001324144.2	NP_001311073.1	ENST00000684689.1	779	FALSE	isoform
ACSL4	O60488	711	O60488	711	O60488-2	TRUE	NM_001318510.2	NP_001305439.1	ENST00000672401.1	670	FALSE	isoform
C16orf89	Q6UX73	402	Q6UX73	402	Q6UX73-2	TRUE	NM_001098514.3	NP_001091984.2	ENST00000472572.8	361	FALSE	isoform
ITCH	Q96J02	903	Q96J02	903	Q96J02-2	TRUE	NM_031483.7	NP_113671.3	ENST00000374864.10	862	FALSE	isoform
KMT5A	Q9NQR1	393	Q9NQR1	393	Q9NQR1-2	TRUE	NM_020382.7	NP_065115.3	ENST00000402868.8	352	FALSE	isoform
MAP7D2	Q96T17	732	Q96T17	732	Q96T17-2	TRUE	NM_001168465.2	NP_001161937.1	ENST00000379643.10	773	FALSE	isoform
MATN4	O95460	622	O95460	622	O95460-2	TRUE	NM_001393530.1	NP_001380459.1	ENST00000372756.6	581	FALSE	isoform
MYH14	Q7Z406	1995	Q7Z406	1995	Q7Z406-2	TRUE	NM_001145809.2	NP_001139281.1	ENST00000642316.2	2036	FALSE	isoform
RHOT1	Q8IXI2	618	Q8IXI2	618	Q8IXI2-7	TRUE	NM_001033566.3	NP_001028738.1	ENST00000545287.7	659	FALSE	isoform
ZNF772	Q68DY9	489	Q68DY9	489	Q68DY9-3	TRUE	NM_001144068.2	NP_001137540.1	ENST00000356584.8	448	FALSE	isoform
ADARB1	P78563	741	P78563	741	P78563-2	TRUE	NM_001112.4	NP_001103.1	ENST00000348831.9	701	FALSE	isoform
ARHGEF11	O15085	1522	O15085	1522	O15085-2	TRUE	NM_198236.3	NP_937879.1	ENST00000368194.8	1562	FALSE	isoform
HS6ST2	Q96MM7	605	Q96MM7	605	Q96MM7-4	TRUE	NM_001394073.1	NP_001381002.1	ENST00000370833.7	645	FALSE	isoform
MAJIN	Q3KP22	176	Q3KP22	176	Q3KP22-3	TRUE	NM_001037225.3	NP_001032302.1	ENST00000301896.6	216	FALSE	isoform
PRICKLE4	Q2TBC4	344	Q2TBC4	344	Q2TBC4-3	TRUE	NM_013397.6	NP_037529.3	ENST00000458694.6	384	FALSE	isoform
ZNF222	Q9UK12	451	Q9UK12	451	Q9UK12-2	TRUE	NM_001129996.2	NP_001123468.1	ENST00000391960.4	491	FALSE	isoform
ZNF565	Q8N9K5	539	Q8N9K5	539	Q8N9K5-2	TRUE	NM_152477.5	NP_689690.3	ENST00000304116.10	499	FALSE	isoform
ZNF623	O75123	536	O75123	536	O75123-2	TRUE	NM_001261843.2	NP_001248772.1	ENST00000526926.6	496	FALSE	isoform
DYSF	O75923	2080	O75923	2080	O75923-13	TRUE	NM_001130987.2	NP_001124459.1	ENST00000410020.8	2119	FALSE	isoform
HDAC7	Q8WUI4	952	Q8WUI4	952	Q8WUI4-5	TRUE	NM_015401.5	NP_056216.2	ENST00000080059.12	991	FALSE	isoform
KCTD11	Q693B1	232	Q693B1	232	Q693B1-2	TRUE	NM_001363642.1	NP_001350571.1	ENST00000333751.8	271	FALSE	isoform
MORF4L1	Q9UBU8	362	Q9UBU8	362	Q9UBU8-2	TRUE	NM_006791.4	NP_006782.1	ENST00000426013.7	323	FALSE	isoform
PACRG	Q96M98	296	Q96M98	296	Q96M98-2	TRUE	NM_001080379.2	NP_001073848.1	ENST00000366888.7	257	FALSE	isoform
SLC17A2	O00624	439	O00624	439	O00624-3	TRUE	NM_001286123.3	NP_001273052.1	ENST00000377850.8	478	FALSE	isoform
U2AF1L4	Q8WU68	220	Q8WU68	220	Q8WU68-3	TRUE	NM_001040425.3	NP_001035515.1	ENST00000378975.8	181	FALSE	isoform
WDR17	Q8IZU2	1322	Q8IZU2	1322	Q8IZU2-2	TRUE	NM_181265.4	NP_851782.3	ENST00000508596.6	1283	FALSE	isoform
ZBBX	A8MT70	800	A8MT70	800	A8MT70-2	TRUE	NM_001199201.2	NP_001186130.1	ENST00000675490.1	839	FALSE	isoform
ACAN	P16112	2530	P16112	2530	P16112-4	TRUE	NM_001369268.1	NP_001356197.1	ENST00000560601.4	2568	FALSE	isoform
CDH24	Q86UP0	819	Q86UP0	819	Q86UP0-2	TRUE	NM_144985.4	NP_659422.2	ENST00000487137.7	781	FALSE	isoform
KIF2A	O00139	706	O00139	706	O00139-4	TRUE	NM_001098511.3	NP_001091981.1	ENST00000407818.8	744	FALSE	isoform
LCLAT1	Q6UWP7	414	Q6UWP7	414	Q6UWP7-3	TRUE	NM_001002257.3	NP_001002257.1	ENST00000379509.8	376	FALSE	isoform
SERINC5	Q86VE9	423	Q86VE9	423	Q86VE9-4	TRUE	NM_001174072.3	NP_001167543.1	ENST00000507668.7	461	FALSE	isoform
YPEL3	P61236	119	P61236	119	P61236-2	TRUE	NM_031477.5	NP_113665.3	ENST00000398841.6	157	FALSE	isoform
ACACA	Q13085	2346	Q13085	2346	Q13085-4	TRUE	NM_198834.3	NP_942131.1	ENST00000616317.5	2383	FALSE	isoform
ACBD4	Q8NC06	268	Q8NC06	268	Q8NC06-2	TRUE	NM_001135705.3	NP_001129177.1	ENST00000321854.13	305	FALSE	isoform
ADAM19	Q9H013	955	Q9H013	955	Q9H013-2	TRUE	NM_033274.5	NP_150377.1	ENST00000257527.9	918	FALSE	isoform
DACT1	Q9NYF0	836	Q9NYF0	836	Q9NYF0-2	TRUE	NM_001079520.2	NP_001072988.1	ENST00000395153.8	799	FALSE	isoform
LMLN	Q96KR4	647	Q96KR4	647	Q96KR4-3	TRUE	NM_001136049.3	NP_001129521.3	ENST00000420910.7	684	FALSE	isoform
NSUN5	Q96P11	429	Q96P11	429	Q96P11-2	TRUE	NM_148956.4	NP_683759.1	ENST00000438747.7	466	FALSE	isoform
NT5DC2	Q9H857	520	Q9H857	520	Q9H857-2	TRUE	NM_001134231.2	NP_001127703.1	ENST00000422318.7	557	FALSE	isoform
PEMT	Q9UBM1	199	Q9UBM1	199	Q9UBM1-2	TRUE	NM_148172.3	NP_680477.1	ENST00000255389.10	236	FALSE	isoform
STAG2	Q8N3U4	1231	Q8N3U4	1231	Q8N3U4-2	TRUE	NM_001042750.2	NP_001036215.1	ENST00000371145.8	1268	FALSE	isoform
AGAP3	Q96P47	875	Q96P47	875	Q96P47-4	TRUE	NM_031946.7	NP_114152.3	ENST00000397238.7	911	FALSE	isoform
ATP2B4	P23634	1241	P23634	1241	P23634-6	TRUE	NM_001684.5	NP_001675.3	ENST00000357681.10	1205	FALSE	isoform
CFAP77	Q6ZQR2	320	Q6ZQR2	320	Q6ZQR2-2	TRUE	NM_001282957.2	NP_001269886.1	ENST00000393216.3	284	FALSE	isoform
EP400	Q96L91	3159	Q96L91	3159	Q96L91-2	TRUE	NM_015409.5	NP_056224.3	ENST00000389561.7	3123	FALSE	isoform
LPIN1	Q14693	890	Q14693	890	Q14693-3	TRUE	NM_001349206.2	NP_001336135.1	ENST00000674199.1	926	FALSE	isoform
PHF8	Q9UPP1	1060	Q9UPP1	1060	Q9UPP1-2	TRUE	NM_015107.3	NP_055922.1	ENST00000338154.11	1024	FALSE	isoform
SLC47A2	Q86VL8	602	Q86VL8	602	Q86VL8-3	TRUE	NM_001099646.3	NP_001093116.1	ENST00000433844.4	566	FALSE	isoform
TTC39A	Q5SRH9	613	Q5SRH9	613	Q5SRH9-5	TRUE	NM_001297663.2	NP_001284592.1	ENST00000680483.1	577	FALSE	isoform
ZFP64	Q9NTW7	645	Q9NTW7	645	Q9NTW7-5	TRUE	NM_018197.3	NP_060667.2	ENST00000216923.5	681	FALSE	isoform
BAIAP3	O94812	1187	O94812	1187	O94812-6	TRUE	NM_001199097.2	NP_001186026.1	ENST00000426824.8	1152	FALSE	isoform
CD163	Q86VB7	1156	Q86VB7	1156	Q86VB7-3	TRUE	NM_203416.4	NP_981961.2	ENST00000432237.3	1121	FALSE	isoform
CEP170B	Q9Y4F5	1589	Q9Y4F5	1589	Q9Y4F5-2	TRUE	NM_001112726.3	NP_001106197.1	ENST00000414716.8	1554	FALSE	isoform
KIR2DL4	Q99706	377	Q99706	377	Q99706-3	TRUE	NM_001080770.2	NP_001074239.1	ENST00000345540.10	342	FALSE	isoform
LRCH1	Q9Y2L9	728	Q9Y2L9	728	Q9Y2L9-3	TRUE	NM_001164211.2	NP_001157683.2	ENST00000389797.8	763	FALSE	isoform
PARP9	Q8IXQ6	854	Q8IXQ6	854	Q8IXQ6-2	TRUE	NM_001146105.2	NP_001139577.1	ENST00000682323.1	819	FALSE	isoform
PTPA	Q15257	358	Q15257	358	Q15257-2	TRUE	NM_178000.3	NP_821067.1	ENST00000393370.7	323	FALSE	isoform
ABLIM2	Q6H8Q1	611	Q6H8Q1	611	Q6H8Q1-9	TRUE	NM_001130083.2	NP_001123555.1	ENST00000447017.7	645	FALSE	isoform
ARL13A	Q5H913	290	Q5H913	290	Q5H913-2	TRUE	NM_001162491.2	NP_001155963.1	ENST00000450049.7	256	FALSE	isoform
FAM86B1	Q8N7N1	330	Q8N7N1	330	Q8N7N1-2	TRUE	NM_001083537.4	NP_001077006.1	ENST00000448228.7	296	FALSE	isoform
KLF4	O43474	513	O43474	513	O43474-1	TRUE	NM_004235.6	NP_004226.3	ENST00000374672.5	479	FALSE	isoform
MXRA7	P84157	204	P84157	204	P84157-2	TRUE	NM_198530.4	NP_940932.2	ENST00000449428.7	170	FALSE	isoform
PHTF2	Q8N3S3	785	Q8N3S3	785	Q8N3S3-2	TRUE	NM_001395272.1	NP_001382201.1	ENST00000422959.8	751	FALSE	isoform
RAD51B	O15315	384	O15315	384	O15315-2	TRUE	NM_133510.4	NP_598194.1	ENST00000471583.6	350	FALSE	isoform
SGO1	Q5FBB7	561	Q5FBB7	561	Q5FBB7-6	TRUE	NM_001199251.3	NP_001186180.1	ENST00000412997.6	527	FALSE	isoform
ACOXL	Q9NUZ1	547	Q9NUZ1	547	Q9NUZ1-4	TRUE	NM_001142807.4	NP_001136279.1	ENST00000439055.6	580	FALSE	isoform
ATG13	O75143	517	O75143	517	O75143-5	TRUE	NM_001346311.2	NP_001333240.1	ENST00000683050.1	550	FALSE	isoform
DAB1	O75553	588	O75553	588	O75553-6	TRUE	NM_001365792.1	NP_001352721.1	ENST00000371236.7	555	FALSE	isoform
GPHN	Q9NQX3	736	Q9NQX3	736	Q9NQX3-2	TRUE	NM_020806.5	NP_065857.1	ENST00000478722.6	769	FALSE	isoform
KAT5	Q92993	513	Q92993	513	Q92993-3	TRUE	NM_182710.3	NP_874369.1	ENST00000341318.9	546	FALSE	isoform
MAP3K12	Q12852	859	Q12852	859	Q12852-2	TRUE	NM_001193511.2	NP_001180440.1	ENST00000547488.6	892	FALSE	isoform
NEU3	Q9UQ49	428	Q9UQ49	428	Q9UQ49-2	TRUE	NM_006656.6	NP_006647.3	ENST00000294064.9	461	FALSE	isoform
PID1	Q7Z2X4	250	Q7Z2X4	250	Q7Z2X4-4	TRUE	NM_001100818.2	NP_001094288.1	ENST00000392055.8	217	FALSE	isoform
BRICD5	Q6PL45	260	Q6PL45	260	Q6PL45-2	TRUE	NM_182563.4	NP_872369.2	ENST00000328540.8	228	FALSE	isoform
CGB1	A6NKQ9	187	A6NKQ9	187	A6NKQ9-2	TRUE	NM_033377.2	NP_203695.2	ENST00000301407.8	155	FALSE	isoform
CMPK1	P30085	196	P30085	196	P30085-3	TRUE	NM_016308.3	NP_057392.1	ENST00000371873.10	228	FALSE	isoform
FAT3	Q8TDW7	4557	Q8TDW7	4557	Q8TDW7-1	TRUE	NM_001367949.2	NP_001354878.1	ENST00000525166.6	4589	FALSE	isoform
IL31RA	Q8NI17	732	Q8NI17	732	Q8NI17-2	TRUE	NM_139017.7	NP_620586.3	ENST00000652347.2	764	FALSE	isoform
KLK11	Q9UBX7	282	Q9UBX7	282	Q9UBX7-1	TRUE	NM_001136032.3	NP_001129504.1	ENST00000453757.8	250	FALSE	isoform
OAS2	P29728	719	P29728	719	P29728-2	TRUE	NM_002535.3	NP_002526.2	ENST00000392583.7	687	FALSE	isoform
PDE4C	Q08493	712	Q08493	712	Q08493-3	TRUE	NM_001098818.4	NP_001092288.1	ENST00000262805.17	680	FALSE	isoform
RASSF6	Q6ZTQ3	369	Q6ZTQ3	369	Q6ZTQ3-2	TRUE	NM_177532.5	NP_803876.1	ENST00000307439.10	337	FALSE	isoform
REL	Q04864	619	Q04864	619	Q04864-2	TRUE	NM_001291746.2	NP_001278675.1	ENST00000394479.4	587	FALSE	isoform
SIN3B	O75182	1162	O75182	1162	O75182-2	TRUE	NM_001297595.2	NP_001284524.1	ENST00000248054.10	1130	FALSE	isoform
SUGT1	Q9Y2Z0	365	Q9Y2Z0	365	Q9Y2Z0-2	TRUE	NM_006704.5	NP_006695.1	ENST00000310528.9	333	FALSE	isoform
APOLD1	Q96LR9	279	Q96LR9	279	Q96LR9-2	TRUE	NM_030817.3	NP_110444.3	ENST00000356591.5	248	FALSE	isoform
ARHGAP39	Q9C0H5	1083	Q9C0H5	1083	Q9C0H5-2	TRUE	NM_025251.3	NP_079527.1	ENST00000377307.7	1114	FALSE	isoform
ARHGAP8	P85298	464	P85298	464	P85298-4	TRUE	NM_181335.3	NP_851852.2	ENST00000356099.11	433	FALSE	isoform
BICD2	Q8TD16	824	Q8TD16	824	Q8TD16-2	TRUE	NM_001003800.2	NP_001003800.1	ENST00000356884.11	855	FALSE	isoform
CADM2	Q8N3J6	435	Q8N3J6	435	Q8N3J6-2	TRUE	NM_001167675.2	NP_001161147.1	ENST00000383699.8	404	FALSE	isoform
COG5	Q9UP83	860	Q9UP83	860	Q9UP83-4	TRUE	NM_006348.5	NP_006339.4	ENST00000297135.9	829	FALSE	isoform
DLL3	Q9NYJ7	618	Q9NYJ7	618	Q9NYJ7-2	TRUE	NM_203486.3	NP_982353.1	ENST00000356433.10	587	FALSE	isoform
GYG2	O15488	501	O15488	501	O15488-2	TRUE	NM_001079855.2	NP_001073324.1	ENST00000398806.8	470	FALSE	isoform
MOB2	Q70IA6	237	Q70IA6	237	Q70IA6-3	TRUE	NM_001172223.3	NP_001165694.1	ENST00000329957.7	268	FALSE	isoform
MYH10	P35580	1976	P35580	1976	P35580-4	TRUE	NM_001256012.3	NP_001242941.1	ENST00000360416.8	2007	FALSE	isoform
TH	P07101	528	P07101	528	P07101-3	TRUE	NM_000360.4	NP_000351.2	ENST00000352909.8	497	FALSE	isoform
USP33	Q8TEY7	942	Q8TEY7	942	Q8TEY7-2	TRUE	NM_201624.3	NP_963918.1	ENST00000370794.7	911	FALSE	isoform
ANKRD28	O15084	1053	O15084	1053	O15084-4	TRUE	NM_001349278.2	NP_001336207.1	ENST00000683139.1	1083	FALSE	isoform
BAG6	P46379	1132	P46379	1132	P46379-3	TRUE	NM_001387994.1	NP_001374923.1	ENST00000676615.2	1162	FALSE	isoform
CLPB	Q9H078	707	Q9H078	707	Q9H078-2	TRUE	NM_001258392.3	NP_001245321.1	ENST00000538039.6	677	FALSE	isoform
CLTA	P09496	248	P09496	248	P09496-2	TRUE	NM_001833.4	NP_001824.1	ENST00000345519.10	218	FALSE	isoform
COA6	Q5JTJ3	125	Q5JTJ3	125	Q5JTJ3-2	TRUE	NM_001206641.3	NP_001193570.2	ENST00000366615.10	155	FALSE	isoform
CTAG2	O75638	210	O75638	210	O75638-2	TRUE	NM_172377.5	NP_758965.2	ENST00000369585.4	180	FALSE	isoform
GFRA4	Q9GZZ7	299	Q9GZZ7	299	Q9GZZ7-2	TRUE	NM_022139.4	NP_071422.1	ENST00000290417.7	269	FALSE	isoform
HMGCLL1	Q8TB92	370	Q8TB92	370	Q8TB92-2	TRUE	NM_001042406.2	NP_001035865.1	ENST00000274901.9	340	FALSE	isoform
LIAT1	Q6ZQX7	453	Q6ZQX7	453	Q6ZQX7-4	TRUE	NM_001013672.5	NP_001013694.4	ENST00000360127.7	423	FALSE	isoform
MAF	O75444	373	O75444	373	O75444-1	TRUE	NM_005360.5	NP_005351.2	ENST00000326043.5	403	FALSE	isoform
MYBPC1	Q00872	1141	Q00872	1141	Q00872-4	TRUE	NM_002465.4	NP_002456.2	ENST00000361466.7	1171	FALSE	isoform
NKX2-1	P43699	371	P43699	371	P43699-3	TRUE	NM_001079668.3	NP_001073136.1	ENST00000354822.7	401	FALSE	isoform
NRXN1	P58400	472	Q9ULB1	1477	Q9ULB1-5	FALSE	NM_001330078.2	NP_001317007.1	ENST00000401669.7	1507	FALSE	isoform
PSRC1	Q6PGN9	363	Q6PGN9	363	Q6PGN9-2	TRUE	NM_001032291.3	NP_001027462.1	ENST00000369909.7	333	FALSE	isoform
SAPCD1	Q5SSQ6	148	Q5SSQ6	148	Q5SSQ6-2	TRUE	NM_001039651.2	NP_001034740.1	ENST00000415669.4	178	FALSE	isoform
SPAG11B	Q08648	103	Q08648	103	Q08648-4	TRUE	NM_058201.4	NP_478108.2	ENST00000398462.7	133	FALSE	isoform
TAFAZZIN	Q16635	262	Q16635	262	Q16635-1	TRUE	NM_000116.5	NP_000107.1	ENST00000601016.6	292	FALSE	isoform
TRIM39	Q9HCM9	518	Q9HCM9	518	Q9HCM9-2	TRUE	NM_001369521.2	NP_001356450.1	ENST00000396551.9	488	FALSE	isoform
ADGRG6	Q86SQ4	1221	Q86SQ4	1221	Q86SQ4-3	TRUE	NM_198569.3	NP_940971.2	ENST00000367609.8	1250	FALSE	isoform
CADM1	Q9BY67	442	Q9BY67	442	Q9BY67-3	TRUE	NM_001301043.2	NP_001287972.1	ENST00000331581.11	471	FALSE	isoform
DPP9	Q86TI2	863	Q86TI2	863	Q86TI2-2	TRUE	NM_139159.5	NP_631898.3	ENST00000262960.14	892	FALSE	isoform
ENOX2	Q16206	610	Q16206	610	Q16206-2	TRUE	NM_006375.4	NP_006366.2	ENST00000394363.6	581	FALSE	isoform
HSD11B1L	Q7Z5J1	315	Q7Z5J1	315	Q7Z5J1-2	TRUE	NM_198706.3	NP_941995.1	ENST00000339423.7	286	FALSE	isoform
LAT	O43561	262	O43561	262	O43561-2	TRUE	NM_001014987.2	NP_001014987.1	ENST00000395456.7	233	FALSE	isoform
LHX6	Q9UPM6	363	Q9UPM6	363	Q9UPM6-3	TRUE	NM_014368.5	NP_055183.2	ENST00000394319.9	392	FALSE	isoform
MAGI1	Q96QZ7	1491	Q96QZ7	1491	Q96QZ7-2	TRUE	NM_001033057.2	NP_001028229.1	ENST00000402939.7	1462	FALSE	isoform
MASP1	P48740	699	P48740	699	P48740-2	TRUE	NM_139125.4	NP_624302.1	ENST00000296280.11	728	FALSE	isoform
MEIOB	Q8N635	442	Q8N635	442	Q8N635-2	TRUE	NM_001163560.3	NP_001157032.1	ENST00000325962.9	471	FALSE	isoform
PRPSAP1	Q14558	356	Q14558	356	Q14558-2	TRUE	NM_002766.3	NP_002757.2	ENST00000446526.8	385	FALSE	isoform
RHBDF2	Q6PJF5	856	Q6PJF5	856	Q6PJF5-2	TRUE	NM_001005498.4	NP_001005498.2	ENST00000675367.1	827	FALSE	isoform
AKR1B15	C9JRZ8	316	C9JRZ8	316	C9JRZ8-2	TRUE	NM_001080538.3	NP_001074007.2	ENST00000457545.7	344	FALSE	isoform
ASMT	P46597	345	P46597	345	P46597-3	TRUE	NM_001171038.2	NP_001164509.1	ENST00000381241.9	373	FALSE	isoform
FAM131B	Q86XD5	332	Q86XD5	332	Q86XD5-3	TRUE	NM_001031690.3	NP_001026860.2	ENST00000443739.7	360	FALSE	isoform
GOLGA8A	A7E2F4	631	A7E2F4	631	A7E2F4-3	TRUE	NM_181077.5	NP_851422.1	ENST00000359187.5	603	FALSE	isoform
GPR17	Q13304	367	Q13304	367	Q13304-2	TRUE	NM_001161417.2	NP_001154889.1	ENST00000486700.2	339	FALSE	isoform
HGSNAT	Q68CP4	663	Q68CP4	663	Q68CP4-2	TRUE	NM_152419.3	NP_689632.2	ENST00000379644.9	635	FALSE	isoform
NEK1	Q96PY6	1258	Q96PY6	1258	Q96PY6-3	TRUE	NM_001199397.3	NP_001186326.1	ENST00000507142.6	1286	FALSE	isoform
NUTM1	Q86Y26	1132	Q86Y26	1132	Q86Y26-4	TRUE	NM_001284292.2	NP_001271221.2	ENST00000537011.6	1160	FALSE	isoform
PTBP3	O95758	552	O95758	552	O95758-6	TRUE	NM_001163788.4	NP_001157260.1	ENST00000374257.6	524	FALSE	isoform
RRAGB	Q5VZM2	374	Q5VZM2	374	Q5VZM2-2	TRUE	NM_006064.5	NP_006055.3	ENST00000374941.9	346	FALSE	isoform
TRIM6	Q9C030	488	Q9C030	488	Q9C030-2	TRUE	NM_001003818.3	NP_001003818.1	ENST00000380097.8	516	FALSE	isoform
ABI1	Q8IZP0	508	Q8IZP0	508	Q8IZP0-9	TRUE	NM_001012750.3	NP_001012768.1	ENST00000376140.4	481	FALSE	isoform
CSPG5	O95196	566	O95196	566	O95196-2	TRUE	NM_006574.4	NP_006565.2	ENST00000264723.9	539	FALSE	isoform
DTNA	Q9Y4J8	743	Q9Y4J8	743	Q9Y4J8-17	TRUE	NM_001386795.1	NP_001373724.1	ENST00000444659.6	770	FALSE	isoform
FHL1	Q13642	323	Q13642	323	Q13642-5	TRUE	NM_001159699.2	NP_001153171.1	ENST00000370683.6	296	FALSE	isoform
IKBIP	Q70UQ0	350	Q70UQ0	350	Q70UQ0-4	TRUE	NM_153687.4	NP_710154.1	ENST00000299157.5	377	FALSE	isoform
NOD2	Q9HC29	1040	Q9HC29	1040	Q9HC29-2	TRUE	NM_001370466.1	NP_001357395.1	ENST00000647318.2	1013	FALSE	isoform
NT5DC4	Q86YG4	428	Q86YG4	428	Q86YG4-2	TRUE	NM_001393655.1	NP_001380584.1	ENST00000688554.1	455	FALSE	isoform
REEP6	Q96HR9	211	Q96HR9	211	Q96HR9-2	TRUE	NM_138393.4	NP_612402.1	ENST00000233596.8	184	FALSE	isoform
RUNX1	Q01196	453	Q01196	453	Q01196-8	TRUE	NM_001754.5	NP_001745.2	ENST00000675419.1	480	FALSE	isoform
STMN4	Q9H169	189	Q9H169	189	Q9H169-2	TRUE	NM_030795.4	NP_110422.2	ENST00000350889.9	216	FALSE	isoform
TRIM2	Q9C040	744	Q9C040	744	Q9C040-2	TRUE	NM_015271.5	NP_056086.2	ENST00000338700.10	771	FALSE	isoform
TXNDC11	Q6PKC3	985	Q6PKC3	985	Q6PKC3-2	TRUE	NM_015914.7	NP_056998.4	ENST00000283033.10	958	FALSE	isoform
ZNF180	Q9UJW8	692	Q9UJW8	692	Q9UJW8-2	TRUE	NM_001278509.3	NP_001265438.2	ENST00000592529.6	665	FALSE	isoform
ARHGEF33	A8MVX0	844	A8MVX0	844	A8MVX0-2	TRUE	NM_001145451.5	NP_001138923.2	ENST00000409978.7	870	FALSE	isoform
CERKL	Q49MI3	558	Q49MI3	558	Q49MI3-2	TRUE	NM_201548.5	NP_963842.1	ENST00000410087.8	532	FALSE	isoform
CMTM4	Q8IZR5	234	Q8IZR5	234	Q8IZR5-2	TRUE	NM_181521.3	NP_852662.1	ENST00000394106.7	208	FALSE	isoform
KANSL3	Q9P2N6	904	Q9P2N6	904	Q9P2N6-3	TRUE	NM_001115016.3	NP_001108488.1	ENST00000431828.6	878	FALSE	isoform
KNL1	Q8NG31	2342	Q8NG31	2342	Q8NG31-2	TRUE	NM_144508.5	NP_653091.3	ENST00000399668.7	2316	FALSE	isoform
LBHD1	Q9BQE6	289	Q9BQE6	289	Q9BQE6-2	TRUE	NM_024099.5	NP_077004.2	ENST00000354588.8	263	FALSE	isoform
NOTCH2NLB	P0DPK3	275	P0DPK3	275	P0DPK3-2	TRUE	NM_001364008.2	NP_001350937.1	ENST00000593495.4	249	FALSE	isoform
SMURF1	Q9HCE7	757	Q9HCE7	757	Q9HCE7-2	TRUE	NM_181349.3	NP_851994.1	ENST00000361368.7	731	FALSE	isoform
SYNPO	Q8N3V7	929	Q8N3V7	929	Q8N3V7-2	TRUE	NM_007286.6	NP_009217.3	ENST00000307662.5	903	FALSE	isoform
TAF1C	Q15572	869	Q15572	869	Q15572-6	TRUE	NM_001243156.2	NP_001230085.2	ENST00000566732.6	843	FALSE	isoform
TRIM4	Q9C037	500	Q9C037	500	Q9C037-2	TRUE	NM_033091.3	NP_149082.1	ENST00000349062.7	474	FALSE	isoform
TTC8	Q8TAM2	541	Q8TAM2	541	Q8TAM2-4	TRUE	NM_144596.4	NP_653197.2	ENST00000380656.7	515	FALSE	isoform
ACSL6	Q9UKU0	697	Q9UKU0	697	Q9UKU0-1	TRUE	NM_001009185.3	NP_001009185.1	ENST00000651883.2	722	FALSE	isoform
ARHGEF10	O15013	1369	O15013	1369	O15013-5	TRUE	NM_014629.4	NP_055444.2	ENST00000349830.8	1344	FALSE	isoform
BRCC3	P46736	316	P46736	316	P46736-2	TRUE	NM_001018055.3	NP_001018065.1	ENST00000330045.12	291	FALSE	isoform
C1orf162	Q8NEQ5	155	Q8NEQ5	155	Q8NEQ5-2	TRUE	NM_001300834.2	NP_001287763.1	ENST00000369718.4	130	FALSE	isoform
CYFIP2	Q96F07	1278	Q96F07	1278	Q96F07-2	TRUE	NM_001037333.3	NP_001032410.1	ENST00000620254.5	1253	FALSE	isoform
MAK	P20794	623	P20794	623	P20794-2	TRUE	NM_001242957.3	NP_001229886.1	ENST00000354489.7	648	FALSE	isoform
MTO1	Q9Y2Z2	717	Q9Y2Z2	717	Q9Y2Z2-4	TRUE	NM_012123.4	NP_036255.2	ENST00000498286.6	692	FALSE	isoform
MUTYH	Q9UIF7	546	Q9UIF7	546	Q9UIF7-6	TRUE	NM_001048174.2	NP_001041639.1	ENST00000456914.7	521	FALSE	isoform
MYO5A	Q9Y4I1	1855	Q9Y4I1	1855	Q9Y4I1-3	TRUE	NM_001382347.1	NP_001369276.1	ENST00000399233.7	1880	FALSE	isoform
PNPLA7	Q6ZV29	1317	Q6ZV29	1317	Q6ZV29-5	TRUE	NM_001098537.3	NP_001092007.2	ENST00000406427.6	1342	FALSE	isoform
SBF1	O95248	1868	O95248	1868	O95248-5	TRUE	NM_002972.4	NP_002963.2	ENST00000380817.8	1893	FALSE	isoform
VPS13B	Q7Z7G8	4022	Q7Z7G8	4022	Q7Z7G8-2	TRUE	NM_152564.5	NP_689777.3	ENST00000357162.7	3997	FALSE	isoform
ALDH9A1	P49189	494	P49189	494	P49189-3	TRUE	NM_000696.4	NP_000687.3	ENST00000354775.5	518	FALSE	isoform
GRHL3	Q8TE85	626	Q8TE85	626	Q8TE85-5	TRUE	NM_198173.3	NP_937816.1	ENST00000361548.9	602	FALSE	isoform
KDM1A	O60341	852	O60341	852	O60341-2	TRUE	NM_001009999.3	NP_001009999.1	ENST00000400181.9	876	FALSE	isoform
LYPD6B	Q8NI32	183	Q8NI32	183	Q8NI32-2	TRUE	NM_177964.5	NP_808879.2	ENST00000409642.8	207	FALSE	isoform
MGRN1	O60291	552	O60291	552	O60291-2	TRUE	NM_015246.4	NP_056061.1	ENST00000262370.12	576	FALSE	isoform
MMD2	Q8IY49	270	Q8IY49	270	Q8IY49-2	TRUE	NM_198403.4	NP_940685.3	ENST00000401401.8	246	FALSE	isoform
NRG3	P56975	720	P56975	720	P56975-4	TRUE	NM_001010848.4	NP_001010848.2	ENST00000372141.7	696	FALSE	isoform
PIGP	P57054	158	P57054	158	P57054-2	TRUE	NM_153682.3	NP_710149.1	ENST00000360525.9	134	FALSE	isoform
SLC4A9	Q96Q91	983	Q96Q91	983	Q96Q91-3	TRUE	NM_031467.3	NP_113655.2	ENST00000506757.7	959	FALSE	isoform
SP110	Q9HB58	689	Q9HB58	689	Q9HB58-6	TRUE	NM_080424.4	NP_536349.3	ENST00000258381.11	713	FALSE	isoform
TCF12	Q99081	682	Q99081	682	Q99081-3	TRUE	NM_207037.2	NP_996920.1	ENST00000333725.10	706	FALSE	isoform
TMEM234	Q8WY98	164	Q8WY98	164	Q8WY98-3	TRUE	NM_019118.5	NP_061991.3	ENST00000309777.11	140	FALSE	isoform
TMEM255A	Q5JRV8	349	Q5JRV8	349	Q5JRV8-3	TRUE	NM_001104544.3	NP_001098014.1	ENST00000371369.9	325	FALSE	isoform
TMEM273	Q5T292	105	Q5T292	105	Q5T292-4	TRUE	NM_001288740.3	NP_001275669.1	ENST00000374153.7	129	FALSE	isoform
TSC22D2	O75157	780	O75157	780	O75157-2	TRUE	NM_001303264.2	NP_001290193.1	ENST00000688009.1	756	FALSE	isoform
AGAP6	Q5VW22	663	Q5VW22	663	Q5VW22-2	TRUE	NM_001077665.3	NP_001071133.2	ENST00000412531.7	686	FALSE	isoform
AGRN	O00468	2068	O00468	2068	O00468-6	TRUE	NM_198576.4	NP_940978.2	ENST00000379370.7	2045	FALSE	isoform
C5orf63	A6NC05	138	A6NC05	138	A6NC05-2	TRUE	NM_001164478.2	NP_001157950.1	ENST00000296662.10	115	FALSE	isoform
CDON	Q4KMG0	1287	Q4KMG0	1287	Q4KMG0-2	TRUE	NM_001378964.1	NP_001365893.1	ENST00000531738.6	1264	FALSE	isoform
EPC1	Q9H2F5	836	Q9H2F5	836	Q9H2F5-2	TRUE	NM_001272004.3	NP_001258933.1	ENST00000319778.11	813	FALSE	isoform
FAM177A1	Q8N128	213	Q8N128	213	Q8N128-2	TRUE	NM_173607.5	NP_775878.2	ENST00000280987.9	236	FALSE	isoform
FLACC1	Q96Q35	445	Q96Q35	445	Q96Q35-2	TRUE	NM_001127391.3	NP_001120863.1	ENST00000392257.8	422	FALSE	isoform
LCN8	Q6JVE9	175	Q6JVE9	175	Q6JVE9-2	TRUE	NM_178469.4	NP_848564.2	ENST00000371688.8	152	FALSE	isoform
LDHD	Q86WU2	507	Q86WU2	507	Q86WU2-2	TRUE	NM_194436.3	NP_919417.1	ENST00000450168.3	484	FALSE	isoform
MACROD2	A1Z1Q3	425	A1Z1Q3	425	A1Z1Q3-1	TRUE	NM_001351661.2	NP_001338590.1	ENST00000684519.1	448	FALSE	isoform
MS4A6A	Q9H2W1	248	Q9H2W1	248	Q9H2W1-2	TRUE	NM_022349.4	NP_071744.2	ENST00000528851.6	225	FALSE	isoform
PAX2	Q02962	417	Q02962	417	Q02962-3	TRUE	NM_000278.5	NP_000269.3	ENST00000355243.8	394	FALSE	isoform
POU2F1	P14859	743	P14859	743	P14859-6	TRUE	NM_002697.4	NP_002688.3	ENST00000367866.7	766	FALSE	isoform
SLC12A5	Q9H2X9	1139	Q9H2X9	1139	Q9H2X9-2	TRUE	NM_020708.5	NP_065759.1	ENST00000243964.7	1116	FALSE	isoform
SLC2A14	Q8TDB8	520	Q8TDB8	520	Q8TDB8-2	TRUE	NM_001286234.2	NP_001273163.1	ENST00000431042.7	497	FALSE	isoform
ACTN1	P12814	892	P12814	892	P12814-3	TRUE	NM_001130004.2	NP_001123476.1	ENST00000394419.9	914	FALSE	isoform
ANXA7	P20073	488	P20073	488	P20073-2	TRUE	NM_001156.5	NP_001147.1	ENST00000372921.10	466	FALSE	isoform
AP2A1	O95782	977	O95782	977	O95782-2	TRUE	NM_130787.3	NP_570603.2	ENST00000354293.10	955	FALSE	isoform
C9orf85	Q96MD7	179	Q96MD7	179	Q96MD7-1	TRUE	NM_182505.5	NP_872311.2	ENST00000334731.7	157	FALSE	isoform
CDC42BPA	Q5VT25	1732	Q5VT25	1732	Q5VT25-2	TRUE	NM_001394014.1	NP_001380943.1	ENST00000366766.8	1754	FALSE	isoform
F7	P08709	466	P08709	466	P08709-2	TRUE	NM_019616.4	NP_062562.1	ENST00000346342.8	444	FALSE	isoform
FAIM	Q9NVQ4	179	Q9NVQ4	179	Q9NVQ4-3	TRUE	NM_001033031.2	NP_001028203.1	ENST00000360570.8	201	FALSE	isoform
FOXN3	O00409	490	O00409	490	O00409-2	TRUE	NM_005197.4	NP_005188.2	ENST00000557258.6	468	FALSE	isoform
HNF4A	P41235	474	P41235	474	P41235-5	TRUE	NM_175914.5	NP_787110.2	ENST00000316673.9	452	FALSE	isoform
LGALS12	Q96DT0	336	Q96DT0	336	Q96DT0-5	TRUE	NM_033101.4	NP_149092.3	ENST00000394618.9	314	FALSE	isoform
P2RX5	Q93086	444	Q93086	444	Q93086-3	TRUE	NM_002561.4	NP_002552.2	ENST00000225328.10	422	FALSE	isoform
POMT1	Q9Y6A1	747	Q9Y6A1	747	Q9Y6A1-2	TRUE	NM_001077365.2	NP_001070833.1	ENST00000402686.8	725	FALSE	isoform
SYNE2	Q8WXH0	6885	Q8WXH0	6885	Q8WXH0-2	TRUE	NM_182914.3	NP_878918.2	ENST00000555002.6	6907	FALSE	isoform
TBC1D5	Q92609	795	Q92609	795	Q92609-2	TRUE	NM_001349074.2	NP_001336003.1	ENST00000696125.1	817	FALSE	isoform
TLK2	Q86UE8	772	Q86UE8	772	Q86UE8-2	TRUE	NM_006852.6	NP_006843.2	ENST00000346027.10	750	FALSE	isoform
TRPM1	Q7Z4N2	1603	Q7Z4N2	1603	Q7Z4N2-6	TRUE	NM_001252024.2	NP_001238953.1	ENST00000256552.11	1625	FALSE	isoform
CCP110	O43303	1012	O43303	1012	O43303-2	TRUE	NM_001323572.2	NP_001310501.1	ENST00000694978.1	991	FALSE	isoform
CD200R1L	Q6Q8B3	271	Q6Q8B3	271	Q6Q8B3-2	TRUE	NM_001199215.3	NP_001186144.1	ENST00000488794.6	250	FALSE	isoform
DUSP22	Q9NRW4	184	Q9NRW4	184	Q9NRW4-2	TRUE	NM_001286555.3	NP_001273484.1	ENST00000419235.7	205	FALSE	isoform
ENAH	Q8N8S7	591	Q8N8S7	591	Q8N8S7-2	TRUE	NM_018212.6	NP_060682.2	ENST00000366843.7	570	FALSE	isoform
EYS	Q5T1H1	3165	Q5T1H1	3165	Q5T1H1-1	TRUE	NM_001142800.2	NP_001136272.1	ENST00000503581.6	3144	FALSE	isoform
GPR137	Q96N19	417	Q96N19	417	Q96N19-2	TRUE	NM_001170880.2	NP_001164351.1	ENST00000438980.7	396	FALSE	isoform
GUK1	Q16774	197	Q16774	197	Q16774-2	TRUE	NM_001159390.2	NP_001152862.1	ENST00000453943.6	218	FALSE	isoform
LMNTD1	Q8N9Z9	388	Q8N9Z9	388	Q8N9Z9-5	TRUE	NM_001145728.2	NP_001139200.1	ENST00000458174.7	409	FALSE	isoform
LY6H	O94772	140	O94772	140	O94772-2	TRUE	NM_001135655.2	NP_001129127.1	ENST00000342752.9	161	FALSE	isoform
PKP1	Q13835	747	Q13835	747	Q13835-2	TRUE	NM_001005337.3	NP_001005337.1	ENST00000367324.8	726	FALSE	isoform
PLOD2	O00469	737	O00469	737	O00469-2	TRUE	NM_182943.3	NP_891988.1	ENST00000282903.10	758	FALSE	isoform
SIPA1L1	O43166	1804	O43166	1804	O43166-2	TRUE	NM_001386936.1	NP_001373865.1	ENST00000381232.8	1783	FALSE	isoform
VCF1	Q969W3	186	Q969W3	186	Q969W3-2	TRUE	NM_001098832.2	NP_001092302.1	ENST00000405159.8	207	FALSE	isoform
WBP1L	Q9NX94	342	Q9NX94	342	Q9NX94-2	TRUE	NM_001083913.2	NP_001077382.1	ENST00000448841.7	363	FALSE	isoform
CECR2	Q9BXF3	1484	Q9BXF3	1484	Q9BXF3-3	TRUE	NM_001290047.2	NP_001276976.1	ENST00000262608.13	1464	FALSE	isoform
MPST	P25325	297	P25325	297	P25325-2	TRUE	NM_021126.8	NP_066949.2	ENST00000429360.6	317	FALSE	isoform
OLFM3	Q96PB7	478	Q96PB7	478	Q96PB7-3	TRUE	NM_058170.4	NP_477518.2	ENST00000370103.9	458	FALSE	isoform
PAGE5	Q96GU1	130	Q96GU1	130	Q96GU1-2	TRUE	NM_001013435.3	NP_001013453.1	ENST00000374955.8	110	FALSE	isoform
SAMD13	Q5VXD3	122	Q5VXD3	122	Q5VXD3-4	TRUE	NM_001134663.2	NP_001128135.1	ENST00000394834.8	102	FALSE	isoform
SERPINB12	Q96P63	405	Q96P63	405	Q96P63-2	TRUE	NM_001307928.2	NP_001294857.1	ENST00000382768.2	425	FALSE	isoform
SERPINE3	A8MV23	424	A8MV23	424	A8MV23-2	TRUE	NM_001386375.1	NP_001373304.1	ENST00000681248.1	404	FALSE	isoform
SLC41A3	Q96GZ6	507	Q96GZ6	507	Q96GZ6-9	TRUE	NM_017836.4	NP_060306.4	ENST00000360370.9	487	FALSE	isoform
SYNPR	Q8TBG9	265	Q8TBG9	265	Q8TBG9-2	TRUE	NM_001130003.2	NP_001123475.1	ENST00000478300.6	285	FALSE	isoform
TAF1	P21675	1893	P21675	1893	P21675-14	TRUE	NM_004606.5	NP_004597.3	ENST00000423759.6	1873	FALSE	isoform
TBX3	O15119	743	O15119	743	O15119-2	TRUE	NM_005996.4	NP_005987.3	ENST00000349155.7	723	FALSE	isoform
USP47	Q96K76	1375	Q96K76	1375	Q96K76-4	TRUE	NM_001282659.2	NP_001269588.1	ENST00000527733.7	1355	FALSE	isoform
ZGPAT	Q8N5A5	531	Q8N5A5	531	Q8N5A5-2	TRUE	NM_181485.3	NP_852150.2	ENST00000355969.11	511	FALSE	isoform
ZNF385A	Q96PM9	386	Q96PM9	386	Q96PM9-1	TRUE	NM_015481.3	NP_056296.1	ENST00000394313.7	366	FALSE	isoform
ZNF683	Q8IZ20	524	Q8IZ20	524	Q8IZ20-2	TRUE	NM_001114759.3	NP_001108231.1	ENST00000349618.8	504	FALSE	isoform
AP3B2	Q13367	1082	Q13367	1082	Q13367-4	TRUE	NM_001278512.2	NP_001265441.1	ENST00000535359.6	1101	FALSE	isoform
ARHGAP9	Q9BRR9	750	Q9BRR9	750	Q9BRR9-2	TRUE	NM_032496.4	NP_115885.2	ENST00000393791.8	731	FALSE	isoform
ATP8B2	P98198	1209	P98198	1209	P98198-5	TRUE	NM_001370597.1	NP_001357526.1	ENST00000368489.6	1190	FALSE	isoform
CAPS2	Q9BXY5	538	Q9BXY5	538	Q9BXY5-4	TRUE	NM_001355024.4	NP_001341953.2	ENST00000699294.1	557	FALSE	isoform
ELAVL4	P26378	385	P26378	385	P26378-2	TRUE	NM_001144774.3	NP_001138246.1	ENST00000371824.7	366	FALSE	isoform
EOMES	O95936	686	O95936	686	O95936-4	TRUE	NM_001278182.2	NP_001265111.1	ENST00000449599.4	705	FALSE	isoform
HIC1	Q14526	733	Q14526	733	Q14526-2	TRUE	NM_006497.4	NP_006488.2	ENST00000619757.5	714	FALSE	isoform
KCNJ1	P48048	391	P48048	391	P48048-2	TRUE	NM_153766.3	NP_722450.1	ENST00000392666.6	372	FALSE	isoform
LCN9	Q8WX39	176	Q8WX39	176	Q8WX39-2	TRUE	NM_001393661.1	NP_001380590.1	ENST00000619315.2	157	FALSE	isoform
NANOS3	P60323	173	P60323	173	P60323-2	TRUE	NM_001098622.3	NP_001092092.1	ENST00000339133.6	192	FALSE	isoform
SAP18	O00422	153	O00422	153	O00422-2	TRUE	NM_005870.5	NP_005861.2	ENST00000382533.9	172	FALSE	isoform
SIMC1	Q8NDZ2	872	Q8NDZ2	872	Q8NDZ2-5	TRUE	NM_001308195.2	NP_001295124.1	ENST00000429602.7	891	FALSE	isoform
SYT14	Q8NB59	555	Q8NB59	555	Q8NB59-6	TRUE	NM_001146262.4	NP_001139734.1	ENST00000367019.6	574	FALSE	isoform
TMPRSS13	Q9BYE2	586	Q9BYE2	586	Q9BYE2-6	TRUE	NM_001077263.3	NP_001070731.1	ENST00000524993.6	567	FALSE	isoform
TMTC4	Q5T4D3	741	Q5T4D3	741	Q5T4D3-3	TRUE	NM_032813.5	NP_116202.2	ENST00000342624.10	760	FALSE	isoform
ZNF182	P17025	639	P17025	639	P17025-2	TRUE	NM_001007088.2	NP_001007089.1	ENST00000376943.8	620	FALSE	isoform
ZNF875	P10072	659	P10072	659	P10072-2	TRUE	NM_001353803.2	NP_001340732.1	ENST00000392153.8	640	FALSE	isoform
BAIAP2	Q9UQB8	552	Q9UQB8	552	Q9UQB8-2	TRUE	NM_001144888.2	NP_001138360.1	ENST00000428708.7	534	FALSE	isoform
CLIC6	Q96NY7	704	Q96NY7	704	Q96NY7-2	TRUE	NM_053277.3	NP_444507.1	ENST00000349499.3	686	FALSE	isoform
CUL4B	Q13620	913	Q13620	913	Q13620-1	TRUE	NM_001079872.2	NP_001073341.1	ENST00000371322.11	895	FALSE	isoform
GAPVD1	Q14C86	1478	Q14C86	1478	Q14C86-2	TRUE	NM_001282680.3	NP_001269609.1	ENST00000297933.11	1460	FALSE	isoform
HOPX	Q9BPY8	73	Q9BPY8	73	Q9BPY8-3	TRUE	NM_032495.6	NP_115884.4	ENST00000420433.6	91	FALSE	isoform
NFAT5	O94916	1531	O94916	1531	O94916-5	TRUE	NM_138713.4	NP_619727.2	ENST00000349945.7	1549	FALSE	isoform
OTOP3	Q7RTS5	596	Q7RTS5	596	Q7RTS5-2	TRUE	NM_001272005.2	NP_001258934.1	ENST00000328801.6	578	FALSE	isoform
RGS6	P49758	472	P49758	472	P49758-3	TRUE	NM_001204424.2	NP_001191353.1	ENST00000553525.6	490	FALSE	isoform
SLC22A17	Q8WUG5	649	Q8WUG5	649	Q8WUG5-2	TRUE	NM_016609.7	NP_057693.4	ENST00000354772.10	631	FALSE	isoform
SP8	Q8IXZ3	490	Q8IXZ3	490	Q8IXZ3-4	TRUE	NM_182700.6	NP_874359.2	ENST00000418710.3	508	FALSE	isoform
SYPL1	Q16563	259	Q16563	259	Q16563-2	TRUE	NM_182715.4	NP_874384.1	ENST00000455385.7	241	FALSE	isoform
TMEM217	Q8N7C4	229	Q8N7C4	229	Q8N7C4-2	TRUE	NM_001286401.2	NP_001273330.1	ENST00000651039.2	211	FALSE	isoform
TOX2	Q96NM4	488	Q96NM4	488	Q96NM4-4	TRUE	NM_001098797.2	NP_001092267.1	ENST00000341197.9	506	FALSE	isoform
WNT8A	Q9H1J5	351	Q9H1J5	351	Q9H1J5-3	TRUE	NM_001300939.2	NP_001287868.1	ENST00000506684.6	369	FALSE	isoform
ABCB8	Q9NUT2	735	Q9NUT2	735	Q9NUT2-2	TRUE	NM_007188.5	NP_009119.2	ENST00000358849.9	718	FALSE	isoform
APOBEC3H	Q6NTF7	200	Q6NTF7	200	Q6NTF7-3	TRUE	NM_181773.5	NP_861438.3	ENST00000442487.8	183	FALSE	isoform
CCL23	P55773	120	P55773	120	P55773-2	TRUE	NM_005064.6	NP_005055.3	ENST00000615050.2	137	FALSE	isoform
CD84	Q9UIB8	345	Q9UIB8	345	Q9UIB8-3	TRUE	NM_003874.4	NP_003865.1	ENST00000368054.8	328	FALSE	isoform
DYNC1I1	O14576	645	O14576	645	O14576-2	TRUE	NM_001135556.2	NP_001129028.1	ENST00000447467.6	628	FALSE	isoform
NUP98	P52948	1817	P52948	1817	P52948-5	TRUE	NM_016320.5	NP_057404.2	ENST00000324932.12	1800	FALSE	isoform
RAD51AP1	Q96B01	352	Q96B01	352	Q96B01-2	TRUE	NM_006479.5	NP_006470.1	ENST00000352618.9	335	FALSE	isoform
RUNDC3B	Q96NL0	473	Q96NL0	473	Q96NL0-5	TRUE	NM_001134405.2	NP_001127877.1	ENST00000394654.4	456	FALSE	isoform
TBC1D15	Q8TC07	691	Q8TC07	691	Q8TC07-2	TRUE	NM_001146213.3	NP_001139685.2	ENST00000485960.7	674	FALSE	isoform
TBC1D9B	Q66K14	1250	Q66K14	1250	Q66K14-2	TRUE	NM_015043.4	NP_055858.2	ENST00000355235.8	1233	FALSE	isoform
TPD52	P55327	224	P55327	224	P55327-4	TRUE	NM_001025253.3	NP_001020424.1	ENST00000518937.6	207	FALSE	isoform
CD96	P40200	585	P40200	585	P40200-2	TRUE	NM_005816.5	NP_005807.1	ENST00000352690.9	569	FALSE	isoform
CEP78	Q5JTW2	689	Q5JTW2	689	Q5JTW2-3	TRUE	NM_001330691.3	NP_001317620.1	ENST00000643273.2	705	FALSE	isoform
CHL1	O00533	1208	O00533	1208	O00533-2	TRUE	NM_006614.4	NP_006605.2	ENST00000256509.7	1224	FALSE	isoform
DNMT1	P26358	1616	P26358	1616	P26358-2	TRUE	NM_001130823.3	NP_001124295.1	ENST00000359526.9	1632	FALSE	isoform
DPP8	Q6V1X1	898	Q6V1X1	898	Q6V1X1-3	TRUE	NM_130434.5	NP_569118.1	ENST00000300141.11	882	FALSE	isoform
IL25	Q9H293	177	Q9H293	177	Q9H293-2	TRUE	NM_172314.2	NP_758525.1	ENST00000397242.3	161	FALSE	isoform
IRF5	Q13568	498	Q13568	498	Q13568-2	TRUE	NM_001098629.3	NP_001092099.1	ENST00000357234.10	514	FALSE	isoform
KLHL13	Q9P2N7	655	Q9P2N7	655	Q9P2N7-3	TRUE	NM_001168302.2	NP_001161774.1	ENST00000540167.6	639	FALSE	isoform
NTRK2	Q16620	822	Q16620	822	Q16620-4	TRUE	NM_006180.6	NP_006171.2	ENST00000277120.8	838	FALSE	isoform
PABPC4	Q13310	644	Q13310	644	Q13310-3	TRUE	NM_001135653.2	NP_001129125.1	ENST00000372858.8	660	FALSE	isoform
RAB3IP	Q96QF0	476	Q96QF0	476	Q96QF0-2	TRUE	NM_022456.5	NP_071901.2	ENST00000247833.12	460	FALSE	isoform
RASGRF1	Q13972	1273	Q13972	1273	Q13972-3	TRUE	NM_001145648.3	NP_001139120.1	ENST00000558480.7	1257	FALSE	isoform
SLC4A5	Q9BY07	1137	Q9BY07	1137	Q9BY07-3	TRUE	NM_133478.3	NP_597812.1	ENST00000394019.7	1121	FALSE	isoform
SPATA20	Q8TB22	786	Q8TB22	786	Q8TB22-2	TRUE	NM_022827.4	NP_073738.2	ENST00000006658.11	802	FALSE	isoform
SPINT1	O43278	529	O43278	529	O43278-2	TRUE	NM_003710.4	NP_003701.1	ENST00000562057.6	513	FALSE	isoform
ZNF207	O43670	478	O43670	478	O43670-4	TRUE	NM_001098507.2	NP_001091977.1	ENST00000394670.9	494	FALSE	isoform
ZNF619	Q8N2I2	560	Q8N2I2	560	Q8N2I2-3	TRUE	NM_001145093.4	NP_001138565.1	ENST00000432264.4	576	FALSE	isoform
BCAS3	Q9H6U6	928	Q9H6U6	928	Q9H6U6-2	TRUE	NM_017679.5	NP_060149.3	ENST00000407086.8	913	FALSE	isoform
CD46	P15529	392	P15529	392	P15529-11	TRUE	NM_172351.3	NP_758861.1	ENST00000367042.6	377	FALSE	isoform
EMSY	Q7Z589	1322	Q7Z589	1322	Q7Z589-7	TRUE	NM_001300942.2	NP_001287871.1	ENST00000695367.1	1337	FALSE	isoform
FBF1	Q8TES7	1133	Q8TES7	1133	Q8TES7-6	TRUE	NM_001319193.2	NP_001306122.1	ENST00000636174.2	1148	FALSE	isoform
GLOD4	Q9HC38	313	Q9HC38	313	Q9HC38-2	TRUE	NM_016080.4	NP_057164.3	ENST00000301329.11	298	FALSE	isoform
GTF2IRD1	Q9UHL9	959	Q9UHL9	959	Q9UHL9-2	TRUE	NM_005685.4	NP_005676.3	ENST00000424337.7	944	FALSE	isoform
KCNK16	Q96T55	309	Q96T55	309	Q96T55-3	TRUE	NM_001135106.2	NP_001128578.1	ENST00000437525.3	294	FALSE	isoform
KREMEN1	Q96MU8	473	Q96MU8	473	Q96MU8-3	TRUE	NM_001039570.3	NP_001034659.2	ENST00000400335.9	458	FALSE	isoform
KRTAP9-9	Q9BYP9	154	Q9BYP9	154	Q9BYP9-3	TRUE	NM_030975.2	NP_112237.2	ENST00000394008.1	169	FALSE	isoform
PACS2	Q86VP3	889	Q86VP3	889	Q86VP3-2	TRUE	NM_001100913.3	NP_001094383.2	ENST00000447393.6	904	FALSE	isoform
PAK3	O75914	559	O75914	559	O75914-2	TRUE	NM_002578.5	NP_002569.1	ENST00000372007.10	544	FALSE	isoform
PDGFA	P04085	211	P04085	211	P04085-2	TRUE	NM_033023.5	NP_148983.1	ENST00000402802.8	196	FALSE	isoform
PRKG1	Q13976	671	Q13976	671	Q13976-2	TRUE	NM_006258.4	NP_006249.1	ENST00000373980.11	686	FALSE	isoform
SERBP1	Q8NC51	408	Q8NC51	408	Q8NC51-3	TRUE	NM_001018069.2	NP_001018079.1	ENST00000361219.11	393	FALSE	isoform
SPAAR	A0A1B0GVQ0	90	A0A1B0GVQ0	90	A0A1B0GVQ0-2	TRUE	NM_001348107.3	NP_001335036.2	ENST00000443779.3	75	FALSE	isoform
TDRD10	Q5VZ19	366	Q5VZ19	366	Q5VZ19-2	TRUE	NM_182499.4	NP_872305.3	ENST00000368482.8	351	FALSE	isoform
TEX11	Q8IYF3	940	Q8IYF3	940	Q8IYF3-3	TRUE	NM_031276.3	NP_112566.2	ENST00000374333.7	925	FALSE	isoform
VIT	Q6UXI7	678	Q6UXI7	678	Q6UXI7-4	TRUE	NM_053276.4	NP_444506.2	ENST00000379242.8	693	FALSE	isoform
XG	P55808	180	P55808	180	P55808-3	TRUE	NM_001141919.2	NP_001135391.1	ENST00000644266.2	195	FALSE	isoform
AEBP2	Q6ZN18	517	Q6ZN18	517	Q6ZN18-2	TRUE	NM_153207.5	NP_694939.2	ENST00000266508.14	503	FALSE	isoform
AMELY	Q99218	206	Q99218	206	Q99218-1	TRUE	NM_001143.2	NP_001134.1	ENST00000651267.2	192	FALSE	isoform
AP2B1	P63010	937	P63010	937	P63010-2	TRUE	NM_001030006.2	NP_001025177.1	ENST00000610402.5	951	FALSE	isoform
APTX	Q7Z2E3	356	Q7Z2E3	356	Q7Z2E3-7	TRUE	NM_001195248.2	NP_001182177.2	ENST00000379817.7	342	FALSE	isoform
CCR2	P41597	374	P41597	374	P41597-2	TRUE	NM_001123396.4	NP_001116868.1	ENST00000445132.3	360	FALSE	isoform
CDK5RAP1	Q96SZ6	601	Q96SZ6	601	Q96SZ6-3	TRUE	NM_016408.4	NP_057492.2	ENST00000346416.7	587	FALSE	isoform
KIF21B	O75037	1637	O75037	1637	O75037-4	TRUE	NM_001252102.2	NP_001239031.1	ENST00000461742.7	1623	FALSE	isoform
OTOA	Q7RTW8	1153	Q7RTW8	1153	Q7RTW8-5	TRUE	NM_144672.4	NP_653273.3	ENST00000646100.2	1139	FALSE	isoform
PAX6	P26367	422	P26367	422	P26367-2	TRUE	NM_001368894.2	NP_001355823.1	ENST00000640368.2	436	FALSE	isoform
ZNF641	Q96N77	438	Q96N77	438	Q96N77-4	TRUE	NM_001172681.2	NP_001166152.1	ENST00000547026.6	424	FALSE	isoform
ACOT11	Q8WXI4	607	Q8WXI4	607	Q8WXI4-2	TRUE	NM_147161.4	NP_671517.1	ENST00000343744.7	594	FALSE	isoform
CDK11B	P21127	795	P21127	795	P21127-2	TRUE	NM_033486.3	NP_277021.2	ENST00000341832.11	782	FALSE	isoform
CRIP3	Q6Q6R5	217	Q6Q6R5	217	Q6Q6R5-3	TRUE	NM_206922.3	NP_996805.2	ENST00000372569.8	204	FALSE	isoform
CRISP3	P54108	245	P54108	245	P54108-2	TRUE	NM_006061.4	NP_006052.2	ENST00000263045.9	258	FALSE	isoform
HNRNPC	P07910	306	P07910	306	P07910-2	TRUE	NM_004500.4	NP_004491.2	ENST00000553300.6	293	FALSE	isoform
LCN10	Q6JVE6	187	Q6JVE6	187	Q6JVE6-2	TRUE	NM_001001712.3	NP_001001712.2	ENST00000497771.6	200	FALSE	isoform
MCEMP1	Q8IX19	187	Q8IX19	187	Q8IX19-2	TRUE	NM_174918.3	NP_777578.3	ENST00000333598.8	174	FALSE	isoform
MFSD2A	Q8NA29	543	Q8NA29	543	Q8NA29-2	TRUE	NM_032793.5	NP_116182.2	ENST00000372811.10	530	FALSE	isoform
NTF3	P20783	257	P20783	257	P20783-2	TRUE	NM_001102654.2	NP_001096124.1	ENST00000423158.4	270	FALSE	isoform
PARP2	Q9UGN5	583	Q9UGN5	583	Q9UGN5-2	TRUE	NM_001042618.2	NP_001036083.1	ENST00000429687.8	570	FALSE	isoform
PTPRM	P28827	1452	P28827	1452	P28827-2	TRUE	NM_001105244.2	NP_001098714.1	ENST00000580170.6	1465	FALSE	isoform
RBPJ	Q06330	500	Q06330	500	Q06330-7	TRUE	NM_015874.6	NP_056958.3	ENST00000355476.8	487	FALSE	isoform
SET	Q01105	290	Q01105	290	Q01105-2	TRUE	NM_003011.4	NP_003002.2	ENST00000322030.13	277	FALSE	isoform
SGCZ	Q96LD1	299	Q96LD1	299	Q96LD1-2	TRUE	NM_139167.4	NP_631906.2	ENST00000382080.6	312	FALSE	isoform
SLC22A6	Q4U2R8	563	Q4U2R8	563	Q4U2R8-2	TRUE	NM_153276.3	NP_695008.1	ENST00000360421.9	550	FALSE	isoform
TRPM3	Q9HCF6	1732	Q9HCF6	1732	Q9HCF6-3	TRUE	NM_001366145.2	NP_001353074.1	ENST00000677713.2	1719	FALSE	isoform
TRPS1	Q9UHF7	1281	Q9UHF7	1281	Q9UHF7-2	TRUE	NM_014112.5	NP_054831.2	ENST00000395715.8	1294	FALSE	isoform
ZNF211	Q13398	564	Q13398	564	Q13398-7	TRUE	NM_006385.5	NP_006376.2	ENST00000240731.5	577	FALSE	isoform
ZNF534	Q76KX8	674	Q76KX8	674	Q76KX8-2	TRUE	NM_001143938.3	NP_001137410.1	ENST00000433050.6	661	FALSE	isoform
ABCG1	P45844	678	P45844	678	P45844-4	TRUE	NM_016818.3	NP_058198.2	ENST00000398449.8	666	FALSE	isoform
APLP2	Q06481	763	Q06481	763	Q06481-3	TRUE	NM_001142276.2	NP_001135748.1	ENST00000338167.10	751	FALSE	isoform
AQP12B	A6NM10	295	A6NM10	295	A6NM10-2	TRUE	NM_001102467.2	NP_001095937.1	ENST00000407834.4	307	FALSE	isoform
CACNA2D1	P54289	1103	P54289	1103	P54289-2	TRUE	NM_000722.4	NP_000713.2	ENST00000356860.8	1091	FALSE	isoform
CHFR	Q96EP1	664	Q96EP1	664	Q96EP1-2	TRUE	NM_001161346.2	NP_001154818.1	ENST00000450056.7	652	FALSE	isoform
GABPB1	Q06547	395	Q06547	395	Q06547-2	TRUE	NM_016654.5	NP_057738.1	ENST00000380877.8	383	FALSE	isoform
GPNMB	Q14956	572	Q14956	572	Q14956-2	TRUE	NM_002510.3	NP_002501.1	ENST00000258733.9	560	FALSE	isoform
HNRNPA2B1	P22626	353	P22626	353	P22626-2	TRUE	NM_002137.4	NP_002128.1	ENST00000618183.5	341	FALSE	isoform
JRK	O75564	556	O75564	556	O75564-2	TRUE	NM_003724.4	NP_003715.3	ENST00000612905.2	568	FALSE	isoform
LIMS1	P48059	325	P48059	325	P48059-2	TRUE	NM_001193483.3	NP_001180412.1	ENST00000544547.6	337	FALSE	isoform
MAP4K1	Q92918	833	Q92918	833	Q92918-2	TRUE	NM_001042600.3	NP_001036065.1	ENST00000396857.7	821	FALSE	isoform
MCF2L	O15068	1137	O15068	1137	O15068-9	TRUE	NM_001112732.3	NP_001106203.2	ENST00000535094.7	1125	FALSE	isoform
MECP2	P51608	486	P51608	486	P51608-2	TRUE	NM_001110792.2	NP_001104262.1	ENST00000453960.7	498	FALSE	isoform
PHC3	Q8NDX5	983	Q8NDX5	983	Q8NDX5-7	TRUE	NM_024947.4	NP_079223.3	ENST00000495893.7	995	FALSE	isoform
PRELID2	Q8N945	189	Q8N945	189	Q8N945-3	TRUE	NM_205846.3	NP_995318.1	ENST00000683046.1	177	FALSE	isoform
SETDB2	Q96T68	719	Q96T68	719	Q96T68-2	TRUE	NM_001160308.3	NP_001153780.1	ENST00000611815.2	707	FALSE	isoform
SHOX2	O60902	331	O60902	331	O60902-2	TRUE	NM_001163678.2	NP_001157150.1	ENST00000483851.7	319	FALSE	isoform
STK24	Q9Y6E0	443	Q9Y6E0	443	Q9Y6E0-2	TRUE	NM_001032296.4	NP_001027467.2	ENST00000539966.6	431	FALSE	isoform
TMEM130	Q8N3G9	435	Q8N3G9	435	Q8N3G9-2	TRUE	NM_152913.3	NP_690877.1	ENST00000339375.9	423	FALSE	isoform
TRIM36	Q9NQ86	728	Q9NQ86	728	Q9NQ86-4	TRUE	NM_001300759.2	NP_001287688.1	ENST00000513154.6	716	FALSE	isoform
XRN1	Q8IZH2	1706	Q8IZH2	1706	Q8IZH2-2	TRUE	NM_001282857.2	NP_001269786.1	ENST00000392981.7	1694	FALSE	isoform
ZNF548	Q8NEK5	533	Q8NEK5	533	Q8NEK5-2	TRUE	NM_001172773.2	NP_001166244.1	ENST00000336128.12	545	FALSE	isoform
ZNF721	Q8TF20	911	Q8TF20	911	Q8TF20-2	TRUE	NM_133474.4	NP_597731.2	ENST00000511833.3	923	FALSE	isoform
CACNA1F	O60840	1977	O60840	1977	O60840-2	TRUE	NM_001256789.3	NP_001243718.1	ENST00000323022.10	1966	FALSE	isoform
CAMK2A	Q9UQM7	478	Q9UQM7	478	Q9UQM7-2	TRUE	NM_015981.4	NP_057065.2	ENST00000671881.1	489	FALSE	isoform
CAMSAP2	Q08AD1	1489	Q08AD1	1489	Q08AD1-3	TRUE	NM_203459.4	NP_982284.1	ENST00000358823.7	1478	FALSE	isoform
CCNJ	Q5T5M9	372	Q5T5M9	372	Q5T5M9-3	TRUE	NM_001134375.2	NP_001127847.1	ENST00000465148.3	383	FALSE	isoform
CDKN1C	P49918	316	P49918	316	P49918-2	TRUE	NM_001122630.2	NP_001116102.1	ENST00000440480.8	305	FALSE	isoform
CTBP1	Q13363	440	Q13363	440	Q13363-2	TRUE	NM_001012614.2	NP_001012632.1	ENST00000382952.8	429	FALSE	isoform
DLG1	Q12959	904	Q12959	904	Q12959-4	TRUE	NM_001366207.1	NP_001353136.1	ENST00000667157.1	893	FALSE	isoform
EPSTI1	Q96J88	318	Q96J88	318	Q96J88-2	TRUE	NM_033255.5	NP_150280.1	ENST00000313624.12	307	FALSE	isoform
ERCC6L2	Q5T890	1561	Q5T890	1561	Q5T890-1	TRUE	NM_020207.7	NP_064592.3	ENST00000653738.2	1550	FALSE	isoform
EVI5L	Q96CN4	794	Q96CN4	794	Q96CN4-2	TRUE	NM_001159944.3	NP_001153416.1	ENST00000538904.7	805	FALSE	isoform
FGF8	P55075	233	P55075	233	P55075-4	TRUE	NM_033163.5	NP_149353.1	ENST00000320185.7	244	FALSE	isoform
GEMIN2	O14893	280	O14893	280	O14893-5	TRUE	NM_003616.3	NP_003607.2	ENST00000308317.12	269	FALSE	isoform
HOMER2	Q9NSB8	354	Q9NSB8	354	Q9NSB8-2	TRUE	NM_004839.4	NP_004830.2	ENST00000450735.7	343	FALSE	isoform
KCNIP1	Q9NZI2	227	Q9NZI2	227	Q9NZI2-2	TRUE	NM_014592.4	NP_055407.1	ENST00000328939.9	216	FALSE	isoform
MRTFB	Q9ULH7	1088	Q9ULH7	1088	Q9ULH7-5	TRUE	NM_001308142.2	NP_001295071.1	ENST00000571589.6	1099	FALSE	isoform
PHACTR2	O75167	634	O75167	634	O75167-4	TRUE	NM_001100164.2	NP_001093634.1	ENST00000440869.7	645	FALSE	isoform
PNLDC1	Q8NA58	520	Q8NA58	520	Q8NA58-2	TRUE	NM_001271862.2	NP_001258791.1	ENST00000392167.4	531	FALSE	isoform
PSG6	Q00889	435	Q00889	435	Q00889-2	TRUE	NM_001031850.4	NP_001027020.1	ENST00000187910.7	424	FALSE	isoform
PTTG2	Q9NZH5	202	Q9NZH5	202	Q9NZH5-2	TRUE	NM_006607.3	NP_006598.2	ENST00000504686.2	191	FALSE	isoform
RAD17	O75943	681	O75943	681	O75943-2	TRUE	NM_133338.3	NP_579916.1	ENST00000354868.10	670	FALSE	isoform
RORB	Q92753	470	Q92753	470	Q92753-1	TRUE	NM_006914.4	NP_008845.2	ENST00000376896.8	459	FALSE	isoform
SNX13	Q9Y5W8	968	Q9Y5W8	968	Q9Y5W8-2	TRUE	NM_015132.5	NP_055947.1	ENST00000428135.7	957	FALSE	isoform
SRPK2	P78362	688	P78362	688	P78362-2	TRUE	NM_182692.3	NP_872634.1	ENST00000393651.8	699	FALSE	isoform
TNNT3	P45378	269	P45378	269	P45378-2	TRUE	NM_006757.4	NP_006748.1	ENST00000278317.11	258	FALSE	isoform
UPF1	Q92900	1129	Q92900	1129	Q92900-2	TRUE	NM_002911.4	NP_002902.2	ENST00000262803.10	1118	FALSE	isoform
VPS39	Q96JC1	886	Q96JC1	886	Q96JC1-2	TRUE	NM_015289.5	NP_056104.2	ENST00000318006.10	875	FALSE	isoform
WDR35	Q9P2L0	1181	Q9P2L0	1181	Q9P2L0-2	TRUE	NM_020779.4	NP_065830.2	ENST00000281405.9	1170	FALSE	isoform
ZNF615	Q8N8J6	731	Q8N8J6	731	Q8N8J6-2	TRUE	NM_001199324.2	NP_001186253.1	ENST00000598071.6	742	FALSE	isoform
ACOT7	O00154	380	O00154	380	O00154-7	TRUE	NM_007274.4	NP_009205.3	ENST00000361521.9	370	FALSE	isoform
BEX3	Q00994	111	Q00994	111	Q00994-2	TRUE	NM_206917.3	NP_996800.1	ENST00000361298.9	101	FALSE	isoform
DAAM1	Q9Y4D1	1078	Q9Y4D1	1078	Q9Y4D1-2	TRUE	NM_001270520.2	NP_001257449.1	ENST00000360909.8	1068	FALSE	isoform
ELF5	Q9UKW6	265	Q9UKW6	265	Q9UKW6-2	TRUE	NM_001422.4	NP_001413.1	ENST00000257832.7	255	FALSE	isoform
ESRP2	Q9H6T0	727	Q9H6T0	727	Q9H6T0-2	TRUE	NM_024939.3	NP_079215.2	ENST00000473183.7	717	FALSE	isoform
FBXO9	Q9UK97	447	Q9UK97	447	Q9UK97-2	TRUE	NM_033480.3	NP_258441.1	ENST00000323557.12	437	FALSE	isoform
GMEB1	Q9Y692	573	Q9Y692	573	Q9Y692-2	TRUE	NM_001319674.2	NP_001306603.1	ENST00000373816.6	563	FALSE	isoform
JAKMIP2	Q96AA8	810	Q96AA8	810	Q96AA8-3	TRUE	NM_001270941.2	NP_001257870.1	ENST00000616793.5	820	FALSE	isoform
LHX8	Q68G74	356	Q68G74	356	Q68G74-2	TRUE	NM_001256114.2	NP_001243043.1	ENST00000356261.4	346	FALSE	isoform
NR1H4	Q96RI1	486	Q96RI1	486	Q96RI1-1	TRUE	NM_001206979.2	NP_001193908.1	ENST00000392986.8	476	FALSE	isoform
OSCP1	Q8WVF1	389	Q8WVF1	389	Q8WVF1-3	TRUE	NM_145047.5	NP_659484.4	ENST00000235532.9	379	FALSE	isoform
PIMREG	Q9BSJ6	248	Q9BSJ6	248	Q9BSJ6-2	TRUE	NM_019013.3	NP_061886.2	ENST00000572447.6	238	FALSE	isoform
PLAAT5	Q96KN8	279	Q96KN8	279	Q96KN8-3	TRUE	NM_001146729.2	NP_001140201.2	ENST00000540857.6	269	FALSE	isoform
PTPRU	Q92729	1446	Q92729	1446	Q92729-2	TRUE	NM_133178.4	NP_573439.2	ENST00000373779.8	1436	FALSE	isoform
STEAP3	Q658P3	488	Q658P3	488	Q658P3-2	TRUE	NM_182915.3	NP_878919.2	ENST00000393110.7	498	FALSE	isoform
TSSK4	Q6SA08	328	Q6SA08	328	Q6SA08-2	TRUE	NM_001184739.2	NP_001171668.1	ENST00000339917.10	338	FALSE	isoform
ACBD5	Q5T8D3	534	Q5T8D3	534	Q5T8D3-3	TRUE	NM_145698.5	NP_663736.2	ENST00000396271.8	525	FALSE	isoform
ACOT9	Q9Y305	439	Q9Y305	439	Q9Y305-4	TRUE	NM_001037171.2	NP_001032248.1	ENST00000379303.10	448	FALSE	isoform
ARL4C	P56559	192	P56559	192	P56559-2	TRUE	NM_001282431.2	NP_001269360.1	ENST00000339728.6	201	FALSE	isoform
ASB12	Q8WXK4	309	Q8WXK4	309	Q8WXK4-2	TRUE	NM_130388.4	NP_569059.3	ENST00000362002.3	318	FALSE	isoform
CBFA2T2	O43439	604	O43439	604	O43439-5	TRUE	NM_001032999.3	NP_001028171.1	ENST00000342704.11	595	FALSE	isoform
CD200	P41217	278	P41217	278	P41217-2	TRUE	NM_005944.7	NP_005935.4	ENST00000315711.12	269	FALSE	isoform
CPSF7	Q8N684	471	Q8N684	471	Q8N684-2	TRUE	NM_001142565.3	NP_001136037.1	ENST00000439958.8	462	FALSE	isoform
DOCK4	Q8N1I0	1966	Q8N1I0	1966	Q8N1I0-3	TRUE	NM_001363540.2	NP_001350469.1	ENST00000428084.6	1975	FALSE	isoform
DYRK1A	Q13627	763	Q13627	763	Q13627-2	TRUE	NM_001347721.2	NP_001334650.1	ENST00000647188.2	754	FALSE	isoform
FAM168A	Q92567	244	Q92567	244	Q92567-2	TRUE	NM_015159.3	NP_055974.1	ENST00000356467.5	235	FALSE	isoform
FBXO25	Q8TCJ0	367	Q8TCJ0	367	Q8TCJ0-2	TRUE	NM_183420.2	NP_904356.1	ENST00000350302.8	358	FALSE	isoform
GARIN1A	Q6NXP2	309	Q6NXP2	309	Q6NXP2-2	TRUE	NM_001128926.4	NP_001122398.1	ENST00000682356.1	300	FALSE	isoform
KCNC4	Q03721	635	Q03721	635	Q03721-3	TRUE	NM_001039574.3	NP_001034663.1	ENST00000438661.3	626	FALSE	isoform
MECOM	Q03112	1230	Q03112	1230	Q03112-3	TRUE	NM_004991.4	NP_004982.2	ENST00000651503.2	1239	FALSE	isoform
MYO6	Q9UM54	1294	Q9UM54	1294	Q9UM54-1	TRUE	NM_004999.4	NP_004990.3	ENST00000369977.8	1285	FALSE	isoform
NELFCD	Q8IXH7	590	Q8IXH7	590	Q8IXH7-4	TRUE	NM_198976.4	NP_945327.3	ENST00000652272.2	581	FALSE	isoform
PER3	P56645	1201	P56645	1201	P56645-2	TRUE	NM_001377275.1	NP_001364204.1	ENST00000377532.8	1210	FALSE	isoform
PRDM10	Q9NQV6	1147	Q9NQV6	1147	Q9NQV6-4	TRUE	NM_199437.2	NP_955469.1	ENST00000360871.8	1156	FALSE	isoform
SNRPB	P14678	240	P14678	240	P14678-2	TRUE	NM_003091.4	NP_003082.1	ENST00000381342.7	231	FALSE	isoform
TMPRSS6	Q8IU80	811	Q8IU80	811	Q8IU80-1	TRUE	NM_001374504.1	NP_001361433.1	ENST00000676104.1	802	FALSE	isoform
TRAF3IP2	O43734	574	O43734	574	O43734-2	TRUE	NM_147686.4	NP_679211.2	ENST00000368761.11	565	FALSE	isoform
ZBTB18	Q99592	522	Q99592	522	Q99592-2	TRUE	NM_205768.3	NP_991331.1	ENST00000358704.4	531	FALSE	isoform
A1CF	Q9NQ94	594	Q9NQ94	594	Q9NQ94-2	TRUE	NM_014576.4	NP_055391.2	ENST00000373997.8	586	FALSE	isoform
AFF1	P51825	1210	P51825	1210	P51825-2	TRUE	NM_001166693.3	NP_001160165.1	ENST00000395146.9	1218	FALSE	isoform
ASTN1	O14525	1302	O14525	1302	O14525-2	TRUE	NM_004319.3	NP_004310.1	ENST00000361833.7	1294	FALSE	isoform
EGFLAM	Q63HQ2	1017	Q63HQ2	1017	Q63HQ2-2	TRUE	NM_152403.4	NP_689616.2	ENST00000322350.10	1009	FALSE	isoform
EML5	Q05BV3	1969	Q05BV3	1969	Q05BV3-5	TRUE	NM_183387.3	NP_899243.1	ENST00000554922.6	1977	FALSE	isoform
GLRA1	P23415	457	P23415	457	P23415-2	TRUE	NM_000171.4	NP_000162.2	ENST00000274576.9	449	FALSE	isoform
HAGHL	Q6PII5	290	Q6PII5	290	Q6PII5-2	TRUE	NM_032304.4	NP_115680.1	ENST00000389703.8	282	FALSE	isoform
HERC4	Q5GLZ8	1057	Q5GLZ8	1057	Q5GLZ8-2	TRUE	NM_015601.4	NP_056416.2	ENST00000373700.9	1049	FALSE	isoform
IRAG1	Q9Y6F6	904	Q9Y6F6	904	Q9Y6F6-7	TRUE	NM_130385.4	NP_569056.4	ENST00000423302.7	912	FALSE	isoform
LAYN	Q6UX15	382	Q6UX15	382	Q6UX15-2	TRUE	NM_178834.5	NP_849156.1	ENST00000375614.7	374	FALSE	isoform
ODF2L	Q9ULJ1	636	Q9ULJ1	636	Q9ULJ1-4	TRUE	NM_001366781.1	NP_001353710.1	ENST00000460698.7	644	FALSE	isoform
OTX2	P32243	289	P32243	289	P32243-2	TRUE	NM_021728.4	NP_068374.1	ENST00000672264.2	297	FALSE	isoform
RAB5IF	Q9BUV8	137	Q9BUV8	137	Q9BUV8-2	TRUE	NM_018840.5	NP_061328.1	ENST00000344795.8	129	FALSE	isoform
RNF111	Q6ZNA4	994	Q6ZNA4	994	Q6ZNA4-2	TRUE	NM_017610.8	NP_060080.6	ENST00000348370.9	986	FALSE	isoform
RPUSD3	Q6P087	351	Q6P087	351	Q6P087-5	TRUE	NM_173659.5	NP_775930.3	ENST00000383820.10	343	FALSE	isoform
USP42	Q9H9J4	1324	Q9H9J4	1324	Q9H9J4-2	TRUE	NM_032172.3	NP_115548.1	ENST00000306177.10	1316	FALSE	isoform
ABCB4	P21439	1286	P21439	1286	P21439-2	TRUE	NM_000443.4	NP_000434.1	ENST00000649586.2	1279	FALSE	isoform
ADCK1	Q86TW2	530	Q86TW2	530	Q86TW2-2	TRUE	NM_020421.4	NP_065154.2	ENST00000238561.10	523	FALSE	isoform
ADH6	P28332	368	P28332	368	P28332-2	TRUE	NM_001102470.2	NP_001095940.1	ENST00000394899.6	375	FALSE	isoform
ALG9	Q9H6U8	611	Q9H6U8	611	Q9H6U8-3	TRUE	NM_024740.2	NP_079016.2	ENST00000616540.5	618	FALSE	isoform
ATP2A1	O14983	1001	O14983	1001	O14983-2	TRUE	NM_004320.6	NP_004311.1	ENST00000395503.9	994	FALSE	isoform
CACNA2D2	Q9NY47	1150	Q9NY47	1150	Q9NY47-2	TRUE	NM_006030.4	NP_006021.2	ENST00000424201.7	1143	FALSE	isoform
CNKSR1	Q969H4	720	Q969H4	720	Q969H4-2	TRUE	NM_006314.3	NP_006305.2	ENST00000361530.11	713	FALSE	isoform
FBXO21	O94952	628	O94952	628	O94952-1	TRUE	NM_015002.3	NP_055817.1	ENST00000622495.5	621	FALSE	isoform
FIBP	O43427	364	O43427	364	O43427-2	TRUE	NM_004214.5	NP_004205.2	ENST00000357519.9	357	FALSE	isoform
GNRH2	O43555	120	O43555	120	O43555-3	TRUE	NM_178331.2	NP_847901.1	ENST00000359100.6	113	FALSE	isoform
IL36B	Q9NZH7	164	Q9NZH7	164	Q9NZH7-2	TRUE	NM_173178.3	NP_775270.1	ENST00000327407.2	157	FALSE	isoform
KIFC3	Q9BVG8	833	Q9BVG8	833	Q9BVG8-2	TRUE	NM_001130100.2	NP_001123572.1	ENST00000445690.7	826	FALSE	isoform
MSRB3	Q8IXL7	192	Q8IXL7	192	Q8IXL7-2	TRUE	NM_001031679.3	NP_001026849.1	ENST00000308259.10	185	FALSE	isoform
OPCML	Q14982	345	Q14982	345	Q14982-2	TRUE	NM_001012393.5	NP_001012393.1	ENST00000524381.6	338	FALSE	isoform
OTUD7A	Q8TE49	926	Q8TE49	926	Q8TE49-2	TRUE	NM_001382637.1	NP_001369566.1	ENST00000307050.6	933	FALSE	isoform
PITX2	Q99697	317	Q99697	317	Q99697-2	TRUE	NM_000325.6	NP_000316.2	ENST00000644743.1	324	FALSE	isoform
PPP6R2	O75170	966	O75170	966	O75170-5	TRUE	NM_001242898.2	NP_001229827.1	ENST00000612753.5	959	FALSE	isoform
RARB	P10826	455	P10826	455	P10826-2	TRUE	NM_000965.5	NP_000956.2	ENST00000330688.9	448	FALSE	isoform
SEPTIN6	Q14141	434	Q14141	434	Q14141-2	TRUE	NM_145799.4	NP_665798.1	ENST00000394610.7	427	FALSE	isoform
SLC11A2	P49281	568	P49281	568	P49281-2	TRUE	NM_000617.3	NP_000608.1	ENST00000262052.9	561	FALSE	isoform
SLC39A11	Q8N1S5	342	Q8N1S5	342	Q8N1S5-2	TRUE	NM_139177.4	NP_631916.2	ENST00000255559.8	335	FALSE	isoform
TENM1	Q9UKZ4	2725	Q9UKZ4	2725	Q9UKZ4-2	TRUE	NM_001163278.2	NP_001156750.1	ENST00000422452.4	2732	FALSE	isoform
ZNF557	Q8N988	423	Q8N988	423	Q8N988-2	TRUE	NM_024341.3	NP_077317.2	ENST00000252840.11	430	FALSE	isoform
ADGRG1	Q9Y653	693	Q9Y653	693	Q9Y653-2	TRUE	NM_201525.4	NP_958933.1	ENST00000562631.7	687	FALSE	isoform
BRPF1	P55201	1214	P55201	1214	P55201-2	TRUE	NM_001003694.2	NP_001003694.1	ENST00000383829.7	1220	FALSE	isoform
C9orf153	Q5TBE3	101	Q5TBE3	101	Q5TBE3-2	TRUE	NM_001276366.4	NP_001263295.1	ENST00000339137.7	95	FALSE	isoform
CC2D1B	Q5T0F9	858	Q5T0F9	858	Q5T0F9-2	TRUE	NM_001330585.2	NP_001317514.1	ENST00000284376.8	852	FALSE	isoform
COL4A5	P29400	1685	P29400	1685	P29400-2	TRUE	NM_033380.3	NP_203699.1	ENST00000328300.11	1691	FALSE	isoform
DNM3	Q9UQ16	869	Q9UQ16	869	Q9UQ16-3	TRUE	NM_015569.5	NP_056384.2	ENST00000627582.3	863	FALSE	isoform
ECHDC1	Q9NTX5	307	Q9NTX5	307	Q9NTX5-2	TRUE	NM_001002030.2	NP_001002030.1	ENST00000454859.8	301	FALSE	isoform
ECPAS	Q5VYK3	1845	Q5VYK3	1845	Q5VYK3-2	TRUE	NM_001364929.1	NP_001351858.1	ENST00000684092.1	1839	FALSE	isoform
FMNL2	Q96PY5	1086	Q96PY5	1086	Q96PY5-3	TRUE	NM_052905.4	NP_443137.2	ENST00000288670.14	1092	FALSE	isoform
FOXA2	Q9Y261	457	Q9Y261	457	Q9Y261-2	TRUE	NM_021784.5	NP_068556.2	ENST00000419308.7	463	FALSE	isoform
GPAT2	Q6NUI2	795	Q6NUI2	795	Q6NUI2-4	TRUE	NM_001321527.2	NP_001308456.1	ENST00000434632.6	801	FALSE	isoform
H2BW1	Q7Z2G1	153	Q7Z2G1	153	Q7Z2G1-3	TRUE	NM_001002916.5	NP_001002916.4	ENST00000217926.7	147	FALSE	isoform
H2BW2	P0C1H6	154	P0C1H6	154	P0C1H6-2	TRUE	NM_001388464.1	NP_001375393.1	ENST00000675318.3	148	FALSE	isoform
KLRG1	Q96E93	195	Q96E93	195	Q96E93-2	TRUE	NM_005810.4	NP_005801.3	ENST00000356986.8	189	FALSE	isoform
MAPKBP1	O60336	1514	O60336	1514	O60336-6	TRUE	NM_014994.3	NP_055809.2	ENST00000457542.7	1508	FALSE	isoform
MBD4	O95243	580	O95243	580	O95243-2	TRUE	NM_001276270.2	NP_001263199.1	ENST00000429544.7	574	FALSE	isoform
MBNL1	Q9NR56	388	Q9NR56	388	Q9NR56-5	TRUE	NM_021038.5	NP_066368.2	ENST00000324210.10	382	FALSE	isoform
MDM2	Q00987	491	Q00987	491	Q00987-11	TRUE	NM_002392.6	NP_002383.2	ENST00000258149.11	497	FALSE	isoform
PDE1A	P54750	535	P54750	535	P54750-6	TRUE	NM_001363871.4	NP_001350800.1	ENST00000409365.6	529	FALSE	isoform
PIANP	Q8IYJ0	282	Q8IYJ0	282	Q8IYJ0-2	TRUE	NM_001244014.2	NP_001230943.1	ENST00000534837.6	276	FALSE	isoform
PPFIBP1	Q86W92	1011	Q86W92	1011	Q86W92-2	TRUE	NM_003622.4	NP_003613.4	ENST00000228425.11	1005	FALSE	isoform
PSMA8	Q8TAA3	256	Q8TAA3	256	Q8TAA3-5	TRUE	NM_001025096.2	NP_001020267.1	ENST00000415576.7	250	FALSE	isoform
SFTPC	P11686	197	P11686	197	P11686-2	TRUE	NM_001317778.2	NP_001304707.1	ENST00000679463.1	191	FALSE	isoform
SLC8A3	P57103	927	P57103	927	P57103-2	TRUE	NM_182932.3	NP_891977.1	ENST00000356921.7	921	FALSE	isoform
SP100	P23497	879	P23497	879	P23497-4	TRUE	NM_001080391.2	NP_001073860.1	ENST00000340126.9	885	FALSE	isoform
TAC4	Q86UU9	113	Q86UU9	113	Q86UU9-5	TRUE	NM_001077506.2	NP_001070974.1	ENST00000436235.6	107	FALSE	isoform
TNFRSF19	Q9NS68	423	Q9NS68	423	Q9NS68-2	TRUE	NM_148957.4	NP_683760.1	ENST00000248484.9	417	FALSE	isoform
TP53BP2	Q13625	1128	Q13625	1128	Q13625-3	TRUE	NM_001031685.3	NP_001026855.2	ENST00000343537.12	1134	FALSE	isoform
VGLL4	Q14135	290	Q14135	290	Q14135-4	TRUE	NM_001128219.3	NP_001121691.1	ENST00000430365.7	296	FALSE	isoform
ZNF112	Q9UJU3	913	Q9UJU3	913	Q9UJU3-2	TRUE	NM_013380.4	NP_037512.3	ENST00000354340.9	907	FALSE	isoform
ADGRL1	O94910	1474	O94910	1474	O94910-2	TRUE	NM_014921.5	NP_055736.2	ENST00000361434.8	1469	FALSE	isoform
ASAH2B	P0C7U1	165	P0C7U1	165	P0C7U1-2	TRUE	NM_001321958.2	NP_001308887.1	ENST00000647317.2	160	FALSE	isoform
ASH1L	Q9NR48	2969	Q9NR48	2969	Q9NR48-2	TRUE	NM_018489.3	NP_060959.2	ENST00000392403.8	2964	FALSE	isoform
CBFB	Q13951	182	Q13951	182	Q13951-2	TRUE	NM_022845.3	NP_074036.1	ENST00000412916.7	187	FALSE	isoform
CD244	Q9BZW8	370	Q9BZW8	370	Q9BZW8-2	TRUE	NM_016382.4	NP_057466.1	ENST00000368034.9	365	FALSE	isoform
DGLUCY	Q7Z3D6	616	Q7Z3D6	616	Q7Z3D6-2	TRUE	NM_001102368.3	NP_001095838.1	ENST00000256324.15	621	FALSE	isoform
DMBX1	Q8NFW5	382	Q8NFW5	382	Q8NFW5-2	TRUE	NM_172225.2	NP_757379.1	ENST00000360032.4	377	FALSE	isoform
EZH2	Q15910	746	Q15910	746	Q15910-2	TRUE	NM_004456.5	NP_004447.2	ENST00000320356.7	751	FALSE	isoform
HES7	Q9BYE0	225	Q9BYE0	225	Q9BYE0-2	TRUE	NM_001165967.2	NP_001159439.1	ENST00000541682.7	230	FALSE	isoform
INPP4A	Q96PE3	977	Q96PE3	977	Q96PE3-3	TRUE	NM_001134225.2	NP_001127697.1	ENST00000409851.8	972	FALSE	isoform
KCNK10	P57789	538	P57789	538	P57789-3	TRUE	NM_138317.3	NP_612190.1	ENST00000319231.10	543	FALSE	isoform
KCNT1	Q5JUK3	1230	Q5JUK3	1230	Q5JUK3-3	TRUE	NM_020822.3	NP_065873.2	ENST00000371757.7	1235	FALSE	isoform
MPG	P29372	298	P29372	298	P29372-4	TRUE	NM_001015052.3	NP_001015052.1	ENST00000356432.8	293	FALSE	isoform
NOXO1	Q8NFA2	376	Q8NFA2	376	Q8NFA2-3	TRUE	NM_172167.3	NP_751907.1	ENST00000356120.9	371	FALSE	isoform
NRP2	O60462	931	O60462	931	O60462-3	TRUE	NM_003872.3	NP_003863.2	ENST00000357785.10	926	FALSE	isoform
OTUD5	Q96G74	571	Q96G74	571	Q96G74-5	TRUE	NM_001136157.2	NP_001129629.1	ENST00000376488.8	566	FALSE	isoform
PAPSS2	O95340	614	O95340	614	O95340-2	TRUE	NM_001015880.2	NP_001015880.1	ENST00000456849.2	619	FALSE	isoform
PAX3	P23760	479	P23760	479	P23760-7	TRUE	NM_181458.4	NP_852123.1	ENST00000392070.7	484	FALSE	isoform
SCARF2	Q96GP6	871	Q96GP6	871	Q96GP6-2	TRUE	NM_182895.5	NP_878315.2	ENST00000622235.5	866	FALSE	isoform
SEMA4G	Q9NTN9	838	Q9NTN9	838	Q9NTN9-2	TRUE	NM_017893.4	NP_060363.2	ENST00000210633.4	843	FALSE	isoform
SMIM22	K7EJ46	83	K7EJ46	83	K7EJ46-2	TRUE	NM_001253794.2	NP_001240723.1	ENST00000586005.6	88	FALSE	isoform
SPTAN1	Q13813	2472	Q13813	2472	Q13813-2	TRUE	NM_001130438.3	NP_001123910.1	ENST00000372739.7	2477	FALSE	isoform
TCTN1	Q2MV58	587	Q2MV58	587	Q2MV58-2	TRUE	NM_001082538.3	NP_001076007.1	ENST00000397659.9	592	FALSE	isoform
TNK1	Q13470	666	Q13470	666	Q13470-2	TRUE	NM_003985.6	NP_003976.2	ENST00000688331.1	661	FALSE	isoform
TP53BP1	Q12888	1972	Q12888	1972	Q12888-2	TRUE	NM_001141980.3	NP_001135452.1	ENST00000382044.9	1977	FALSE	isoform
USP50	Q70EL3	339	Q70EL3	339	Q70EL3-2	TRUE	NM_203494.5	NP_987090.2	ENST00000532404.6	334	FALSE	isoform
UXS1	Q8NBZ7	420	Q8NBZ7	420	Q8NBZ7-2	TRUE	NM_001253875.2	NP_001240804.1	ENST00000283148.12	425	FALSE	isoform
VWA5B1	Q5TIE3	1220	Q5TIE3	1220	Q5TIE3-2	TRUE	NM_001039500.3	NP_001034589.2	ENST00000289815.13	1215	FALSE	isoform
WDR62	O43379	1518	O43379	1518	O43379-4	TRUE	NM_001083961.2	NP_001077430.1	ENST00000401500.7	1523	FALSE	isoform
ZNF250	P15622	560	P15622	560	P15622-3	TRUE	NM_001109689.4	NP_001103159.1	ENST00000417550.7	555	FALSE	isoform
CXCL12	P48061	93	P48061	93	P48061-2	TRUE	NM_199168.4	NP_954637.1	ENST00000343575.11	89	FALSE	isoform
DMAC1	Q96GE9	116	Q96GE9	116	Q96GE9-2	TRUE	NM_033428.3	NP_219500.1	ENST00000358227.5	112	FALSE	isoform
FERMT3	Q86UX7	667	Q86UX7	667	Q86UX7-2	TRUE	NM_031471.6	NP_113659.3	ENST00000345728.10	663	FALSE	isoform
FRAS1	Q86XX4	4008	Q86XX4	4008	Q86XX4-2	TRUE	NM_025074.7	NP_079350.5	ENST00000512123.4	4012	FALSE	isoform
GPS1	Q13098	491	Q13098	491	Q13098-5	TRUE	NM_001321092.3	NP_001308021.1	ENST00000578552.6	487	FALSE	isoform
ILF3	Q12906	894	Q12906	894	Q12906-7	TRUE	NM_017620.3	NP_060090.2	ENST00000588657.6	898	FALSE	isoform
KCNMB3	Q9NPA1	279	Q9NPA1	279	Q9NPA1-3	TRUE	NM_171830.2	NP_741981.1	ENST00000392685.7	275	FALSE	isoform
NFATC2	Q13469	925	Q13469	925	Q13469-2	TRUE	NM_012340.5	NP_036472.2	ENST00000371564.8	921	FALSE	isoform
NHSL1	Q5SYE7	1610	Q5SYE7	1610	Q5SYE7-2	TRUE	NM_001144060.2	NP_001137532.1	ENST00000343505.10	1606	FALSE	isoform
NR1I3	Q14994	352	Q14994	352	Q14994-2	TRUE	NM_005122.5	NP_005113.1	ENST00000367983.9	348	FALSE	isoform
PAN2	Q504Q3	1202	Q504Q3	1202	Q504Q3-2	TRUE	NM_014871.6	NP_055686.4	ENST00000440411.8	1198	FALSE	isoform
RASSF1	Q9NS23	344	Q9NS23	344	Q9NS23-2	TRUE	NM_007182.5	NP_009113.3	ENST00000359365.9	340	FALSE	isoform
RIPOR1	Q6ZS17	1223	Q6ZS17	1223	Q6ZS17-2	TRUE	NM_024519.4	NP_078795.2	ENST00000042381.9	1219	FALSE	isoform
SNX18	Q96RF0	628	Q96RF0	628	Q96RF0-2	TRUE	NM_001102575.2	NP_001096045.1	ENST00000381410.5	624	FALSE	isoform
TCF4	P15884	667	P15884	667	P15884-3	TRUE	NM_001083962.2	NP_001077431.1	ENST00000354452.8	671	FALSE	isoform
TEAD2	Q15562	447	Q15562	447	Q15562-4	TRUE	NM_001256660.2	NP_001243589.1	ENST00000593945.6	451	FALSE	isoform
TMIGD2	Q96BF3	282	Q96BF3	282	Q96BF3-2	TRUE	NM_001169126.2	NP_001162597.1	ENST00000595645.6	278	FALSE	isoform
TPD52L3	Q96J77	140	Q96J77	140	Q96J77-2	TRUE	NM_001001874.3	NP_001001874.2	ENST00000314556.4	136	FALSE	isoform
APOL4	Q9BPW4	351	Q9BPW4	351	Q9BPW4-2	TRUE	NM_001386885.1	NP_001373814.1	ENST00000683024.1	348	FALSE	isoform
CDK11A	Q9UQ88	783	Q9UQ88	783	Q9UQ88-2	TRUE	NM_024011.4	NP_076916.2	ENST00000404249.8	780	FALSE	isoform
CENPV	Q7Z7K6	275	Q7Z7K6	275	Q7Z7K6-3	TRUE	NM_181716.3	NP_859067.2	ENST00000299736.5	272	FALSE	isoform
CEP131	Q9UPN4	1083	Q9UPN4	1083	Q9UPN4-2	TRUE	NM_014984.4	NP_055799.2	ENST00000450824.7	1080	FALSE	isoform
CSF3	P09919	207	P09919	207	P09919-2	TRUE	NM_172219.3	NP_757373.1	ENST00000394149.8	204	FALSE	isoform
FZR1	Q9UM11	496	Q9UM11	496	Q9UM11-2	TRUE	NM_016263.4	NP_057347.2	ENST00000441788.7	493	FALSE	isoform
GP2	P55259	537	P55259	537	P55259-3	TRUE	NM_001502.4	NP_001493.2	ENST00000302555.10	534	FALSE	isoform
KMT2A	Q03164	3969	Q03164	3969	Q03164-3	TRUE	NM_001197104.2	NP_001184033.1	ENST00000534358.8	3972	FALSE	isoform
MACROH2A1	O75367	369	O75367	369	O75367-1	TRUE	NM_138610.3	NP_613258.2	ENST00000511689.6	372	FALSE	isoform
MATCAP2	Q8NCT3	520	Q8NCT3	520	Q8NCT3-6	TRUE	NM_001199706.2	NP_001186635.1	ENST00000440378.6	517	FALSE	isoform
MEF2B	Q02080	365	Q02080	365	Q02080-2	TRUE	NM_001145785.2	NP_001139257.1	ENST00000424583.7	368	FALSE	isoform
PARD3	Q8TEW0	1356	Q8TEW0	1356	Q8TEW0-2	TRUE	NM_001184785.2	NP_001171714.1	ENST00000374788.8	1353	FALSE	isoform
PCBP2	Q15366	365	Q15366	365	Q15366-3	TRUE	NM_031989.5	NP_114366.1	ENST00000546463.6	362	FALSE	isoform
PLEKHS1	Q5SXH7	465	Q5SXH7	465	Q5SXH7-6	TRUE	NM_001395068.1	NP_001381997.1	ENST00000694986.1	468	FALSE	isoform
PTCHD4	Q6ZW05	846	Q6ZW05	846	Q6ZW05-3	TRUE	NM_001384253.1	NP_001371182.1	ENST00000339488.9	843	FALSE	isoform
RPS24	P62847	133	P62847	133	P62847-2	TRUE	NM_033022.4	NP_148982.1	ENST00000372360.9	130	FALSE	isoform
SLC2A11	Q9BYW1	496	Q9BYW1	496	Q9BYW1-3	TRUE	NM_001024939.4	NP_001020110.1	ENST00000316185.9	499	FALSE	isoform
SPOCK3	Q9BQ16	436	Q9BQ16	436	Q9BQ16-1	TRUE	NM_001040159.2	NP_001035249.1	ENST00000357545.9	433	FALSE	isoform
TLE3	Q04726	772	Q04726	772	Q04726-5	TRUE	NM_001105192.3	NP_001098662.1	ENST00000451782.7	769	FALSE	isoform
UBE3A	Q05086	875	Q05086	875	Q05086-3	TRUE	NM_130839.5	NP_570854.1	ENST00000648336.2	872	FALSE	isoform
ANXA4	P09525	319	P09525	319	P09525-3	TRUE	NM_001153.5	NP_001144.1	ENST00000394295.6	321	FALSE	isoform
CHRDL1	Q9BU40	456	Q9BU40	456	Q9BU40-4	TRUE	NM_001143981.2	NP_001137453.1	ENST00000372042.6	458	FALSE	isoform
EMID1	Q96A84	441	Q96A84	441	Q96A84-3	TRUE	NM_133455.4	NP_597712.2	ENST00000334018.11	443	FALSE	isoform
EVL	Q9UI08	416	Q9UI08	416	Q9UI08-2	TRUE	NM_016337.3	NP_057421.1	ENST00000392920.8	418	FALSE	isoform
GARIN1B	Q96KD3	344	Q96KD3	344	Q96KD3-2	TRUE	NM_001282788.3	NP_001269717.1	ENST00000621392.5	342	FALSE	isoform
IST1	P53990	364	P53990	364	P53990-4	TRUE	NM_001270975.2	NP_001257904.1	ENST00000378799.11	366	FALSE	isoform
MAPKAPK5	Q8IW41	473	Q8IW41	473	Q8IW41-2	TRUE	NM_003668.4	NP_003659.2	ENST00000550735.7	471	FALSE	isoform
MCMBP	Q9BTE3	642	Q9BTE3	642	Q9BTE3-2	TRUE	NM_001256378.2	NP_001243307.1	ENST00000369077.4	640	FALSE	isoform
MEF2A	Q02078	507	Q02078	507	Q02078-2	TRUE	NM_001319206.4	NP_001306135.1	ENST00000557942.6	505	FALSE	isoform
P4HA2	O15460	535	O15460	535	O15460-2	TRUE	NM_001017974.2	NP_001017974.1	ENST00000360568.8	533	FALSE	isoform
PRKCB	P05771	671	P05771	671	P05771-2	TRUE	NM_002738.7	NP_002729.2	ENST00000643927.1	673	FALSE	isoform
PRRC2C	Q9Y520	2896	Q9Y520	2896	Q9Y520-7	TRUE	NM_001387844.1	NP_001374773.1	ENST00000647382.2	2898	FALSE	isoform
PUM1	Q14671	1186	Q14671	1186	Q14671-3	TRUE	NM_001020658.2	NP_001018494.1	ENST00000426105.7	1188	FALSE	isoform
PUM2	Q8TB72	1066	Q8TB72	1066	Q8TB72-3	TRUE	NM_015317.5	NP_056132.1	ENST00000361078.7	1064	FALSE	isoform
RBM45	Q8IUH3	476	Q8IUH3	476	Q8IUH3-3	TRUE	NM_152945.4	NP_694453.2	ENST00000286070.10	474	FALSE	isoform
REEP2	Q9BRK0	252	Q9BRK0	252	Q9BRK0-2	TRUE	NM_001271803.2	NP_001258732.1	ENST00000378339.7	254	FALSE	isoform
SAFB	Q15424	915	Q15424	915	Q15424-3	TRUE	NM_001201338.2	NP_001188267.1	ENST00000588852.2	917	FALSE	isoform
SLC44A5	Q8NCS7	719	Q8NCS7	719	Q8NCS7-4	TRUE	NM_001130058.2	NP_001123530.1	ENST00000370859.8	717	FALSE	isoform
SMTN	P53814	917	P53814	917	P53814-5	TRUE	NM_134269.3	NP_599031.1	ENST00000333137.12	915	FALSE	isoform
TSBP1	Q5SRN2	563	Q5SRN2	563	Q5SRN2-3	TRUE	NM_001286474.2	NP_001273403.1	ENST00000533191.6	561	FALSE	isoform
UNC45B	Q8IWX7	931	Q8IWX7	931	Q8IWX7-3	TRUE	NM_001267052.2	NP_001253981.1	ENST00000394570.7	929	FALSE	isoform
XRCC4	Q13426	336	Q13426	336	Q13426-2	TRUE	NM_003401.5	NP_003392.1	ENST00000396027.9	334	FALSE	isoform
ZNF17	P17021	662	P17021	662	P17021-2	TRUE	NM_001330617.2	NP_001317546.1	ENST00000307658.12	664	FALSE	isoform
ABCA2	Q9BZC7	2435	Q9BZC7	2435	Q9BZC7-3	TRUE	NM_001606.5	NP_001597.2	ENST00000341511.11	2436	FALSE	isoform
AMOTL2	Q9Y2J4	779	Q9Y2J4	779	Q9Y2J4-2	TRUE	NM_016201.4	NP_057285.3	ENST00000249883.10	780	FALSE	isoform
ANGPT2	O15123	496	O15123	496	O15123-3	TRUE	NM_001118887.2	NP_001112359.1	ENST00000629816.3	495	FALSE	isoform
ANK1	P16157	1881	P16157	1881	P16157-3	TRUE	NM_000037.4	NP_000028.3	ENST00000289734.13	1880	FALSE	isoform
ANTXR2	P58335	489	P58335	489	P58335-4	TRUE	NM_058172.6	NP_477520.2	ENST00000403729.7	488	FALSE	isoform
APBB2	Q92870	758	Q92870	758	Q92870-4	TRUE	NM_004307.2	NP_004298.1	ENST00000508593.6	759	FALSE	isoform
APLP1	P51693	650	P51693	650	P51693-2	TRUE	NM_001024807.3	NP_001019978.1	ENST00000221891.9	651	FALSE	isoform
ARHGAP25	P42331	645	P42331	645	P42331-4	TRUE	NM_001007231.3	NP_001007232.2	ENST00000409202.8	646	FALSE	isoform
ARID3B	Q8IVW6	561	Q8IVW6	561	Q8IVW6-4	TRUE	NM_006465.4	NP_006456.1	ENST00000346246.10	560	FALSE	isoform
BOC	Q9BWV1	1114	Q9BWV1	1114	Q9BWV1-3	TRUE	NM_001378074.1	NP_001365003.1	ENST00000682979.1	1115	FALSE	isoform
C11orf68	Q9H3H3	292	Q9H3H3	292	Q9H3H3-3	TRUE	NM_001135635.2	NP_001129107.1	ENST00000438576.3	293	FALSE	isoform
CASP10	Q92851	521	Q92851	521	Q92851-4	TRUE	NM_032977.4	NP_116759.2	ENST00000286186.11	522	FALSE	isoform
CEACAM19	Q7Z692	300	Q7Z692	300	Q7Z692-3	TRUE	NM_001127893.3	NP_001121365.1	ENST00000358777.10	299	FALSE	isoform
CEP85	Q6P2H3	762	Q6P2H3	762	Q6P2H3-2	TRUE	NM_001319944.2	NP_001306873.1	ENST00000451429.8	761	FALSE	isoform
CES1	P23141	567	P23141	567	P23141-2	TRUE	NM_001025195.2	NP_001020366.1	ENST00000360526.8	568	FALSE	isoform
CKAP2	Q8WWK9	683	Q8WWK9	683	Q8WWK9-5	TRUE	NM_018204.5	NP_060674.3	ENST00000258607.10	682	FALSE	isoform
CNTLN	Q9NXG0	1405	Q9NXG0	1405	Q9NXG0-2	TRUE	NM_017738.4	NP_060208.2	ENST00000380647.8	1406	FALSE	isoform
COL4A6	Q14031	1691	Q14031	1691	Q14031-2	TRUE	NM_033641.4	NP_378667.1	ENST00000334504.12	1690	FALSE	isoform
CYP4B1	P13584	511	P13584	511	P13584-2	TRUE	NM_001099772.2	NP_001093242.1	ENST00000371923.9	512	FALSE	isoform
CYTH2	Q99418	400	Q99418	400	Q99418-2	TRUE	NM_004228.7	NP_004219.3	ENST00000452733.7	399	FALSE	isoform
CYTH3	O43739	400	O43739	400	O43739-2	TRUE	NM_004227.4	NP_004218.1	ENST00000350796.8	399	FALSE	isoform
CYYR1	Q96J86	154	Q96J86	154	Q96J86-2	TRUE	NM_001320768.2	NP_001307697.2	ENST00000652641.2	155	FALSE	isoform
DHRS7C	A6NNS2	312	A6NNS2	312	A6NNS2-2	TRUE	NM_001105571.3	NP_001099041.1	ENST00000571134.2	311	FALSE	isoform
FAM149A	A5PLN7	773	A5PLN7	773	A5PLN7-3	TRUE	NM_001395294.1	NP_001382223.1	ENST00000706927.1	772	FALSE	isoform
FKBP8	Q14318	412	Q14318	412	Q14318-2	TRUE	NM_012181.5	NP_036313.3	ENST00000608443.6	413	FALSE	isoform
FMNL3	Q8IVF7	1028	Q8IVF7	1028	Q8IVF7-3	TRUE	NM_175736.5	NP_783863.4	ENST00000335154.10	1027	FALSE	isoform
FRG2	Q64ET8	278	Q64ET8	278	Q64ET8-2	TRUE	NM_001286820.2	NP_001273749.1	ENST00000504750.6	279	FALSE	isoform
GAB3	Q8WWW8	586	Q8WWW8	586	Q8WWW8-2	TRUE	NM_001081573.3	NP_001075042.1	ENST00000424127.3	587	FALSE	isoform
GATA3	P23771	443	P23771	443	P23771-2	TRUE	NM_001002295.2	NP_001002295.1	ENST00000379328.9	444	FALSE	isoform
GATA4	P43694	442	P43694	442	P43694-2	TRUE	NM_001308093.3	NP_001295022.1	ENST00000532059.6	443	FALSE	isoform
GATAD2A	Q86YP4	633	Q86YP4	633	Q86YP4-3	TRUE	NM_001384528.1	NP_001371457.1	ENST00000683918.1	634	FALSE	isoform
GUCD1	Q96NT3	240	Q96NT3	240	Q96NT3-2	TRUE	NM_001284254.2	NP_001271183.1	ENST00000435822.6	239	FALSE	isoform
HMMR	O75330	724	O75330	724	O75330-3	TRUE	NM_001142556.2	NP_001136028.1	ENST00000393915.9	725	FALSE	isoform
HNRNPK	P61978	463	P61978	463	P61978-2	TRUE	NM_031263.4	NP_112553.1	ENST00000376263.8	464	FALSE	isoform
HROB	Q8N3J3	647	Q8N3J3	647	Q8N3J3-4	TRUE	NM_001171251.3	NP_001164722.1	ENST00000585683.6	646	FALSE	isoform
ING4	Q9UNL4	249	Q9UNL4	249	Q9UNL4-2	TRUE	NM_016162.4	NP_057246.2	ENST00000341550.9	248	FALSE	isoform
INTS3	Q68E01	1043	Q68E01	1043	Q68E01-2	TRUE	NM_023015.5	NP_075391.3	ENST00000318967.7	1042	FALSE	isoform
IPCEF1	Q8WWN9	437	Q8WWN9	437	Q8WWN9-2	TRUE	NM_001130700.2	NP_001124172.1	ENST00000367220.9	438	FALSE	isoform
KIF17	Q9P2E2	1029	Q9P2E2	1029	Q9P2E2-3	TRUE	NM_001122819.3	NP_001116291.1	ENST00000400463.8	1028	FALSE	isoform
KRAS	P01116	189	P01116	189	P01116-2	TRUE	NM_004985.5	NP_004976.2	ENST00000311936.8	188	FALSE	isoform
LILRB5	O75023	590	O75023	590	O75023-3	TRUE	NM_001081442.3	NP_001074911.2	ENST00000449561.3	591	FALSE	isoform
MCM10	Q7L590	875	Q7L590	875	Q7L590-2	TRUE	NM_018518.5	NP_060988.3	ENST00000378714.8	874	FALSE	isoform
MRPL52	Q86TS9	123	Q86TS9	123	Q86TS9-3	TRUE	NM_180982.3	NP_851313.1	ENST00000397496.7	122	FALSE	isoform
NFKB1	P19838	968	P19838	968	P19838-2	TRUE	NM_003998.4	NP_003989.2	ENST00000226574.9	969	FALSE	isoform
NKAPD1	Q6ZUT1	292	Q6ZUT1	292	Q6ZUT1-2	TRUE	NM_018195.4	NP_060665.3	ENST00000393047.8	293	FALSE	isoform
NLRP6	P59044	892	P59044	892	P59044-2	TRUE	NM_001276700.2	NP_001263629.1	ENST00000534750.6	891	FALSE	isoform
OXR1	Q8N573	874	Q8N573	874	Q8N573-8	TRUE	NM_001198533.2	NP_001185462.1	ENST00000517566.7	873	FALSE	isoform
PARD6A	Q9NPB6	346	Q9NPB6	346	Q9NPB6-2	TRUE	NM_001037281.2	NP_001032358.1	ENST00000458121.7	345	FALSE	isoform
PHC2	Q8IXK0	858	Q8IXK0	858	Q8IXK0-5	TRUE	NM_001385109.1	NP_001372038.1	ENST00000683057.1	859	FALSE	isoform
PHF21A	Q96BD5	680	Q96BD5	680	Q96BD5-3	TRUE	NM_001352027.3	NP_001338956.1	ENST00000676320.1	681	FALSE	isoform
PLCG1	P19174	1290	P19174	1290	P19174-2	TRUE	NM_002660.3	NP_002651.2	ENST00000685551.1	1291	FALSE	isoform
PRPF4	O43172	522	O43172	522	O43172-2	TRUE	NM_001244926.2	NP_001231855.1	ENST00000374198.5	521	FALSE	isoform
PSD3	Q9NYI0	1048	Q9NYI0	1048	Q9NYI0-2	TRUE	NM_015310.4	NP_056125.3	ENST00000327040.13	1047	FALSE	isoform
PTMA	P06454	111	P06454	111	P06454-2	TRUE	NM_002823.5	NP_002814.3	ENST00000409115.8	110	FALSE	isoform
PTPRK	Q15262	1439	Q15262	1439	Q15262-2	TRUE	NM_002844.4	NP_002835.2	ENST00000368226.9	1440	FALSE	isoform
RABL2A	Q9UBK7	228	Q9UBK7	228	Q9UBK7-2	TRUE	NM_001306158.2	NP_001293087.1	ENST00000683472.1	229	FALSE	isoform
RABL2B	Q9UNT1	228	Q9UNT1	228	Q9UNT1-2	TRUE	NM_001130919.3	NP_001124391.1	ENST00000691320.1	229	FALSE	isoform
RASA2	Q15283	850	Q15283	850	Q15283-2	TRUE	NM_006506.5	NP_006497.2	ENST00000286364.9	849	FALSE	isoform
RASAL1	O95294	804	O95294	804	O95294-4	TRUE	NM_001301202.2	NP_001288131.1	ENST00000548055.2	805	FALSE	isoform
RFC1	P35251	1148	P35251	1148	P35251-2	TRUE	NM_002913.5	NP_002904.3	ENST00000349703.7	1147	FALSE	isoform
RNF19B	Q6ZMZ0	732	Q6ZMZ0	732	Q6ZMZ0-4	TRUE	NM_001300826.2	NP_001287755.1	ENST00000235150.5	731	FALSE	isoform
SCN5A	Q14524	2016	Q14524	2016	Q14524-2	TRUE	NM_000335.5	NP_000326.2	ENST00000423572.7	2015	FALSE	isoform
SERPINE2	P07093	398	P07093	398	P07093-2	TRUE	NM_001136528.2	NP_001130000.1	ENST00000409304.6	397	FALSE	isoform
SGCD	Q92629	289	Q92629	289	Q92629-2	TRUE	NM_000337.6	NP_000328.2	ENST00000337851.9	290	FALSE	isoform
SHC1	P29353	583	P29353	583	P29353-6	TRUE	NM_001130040.2	NP_001123512.1	ENST00000448116.7	584	FALSE	isoform
SLC25A3	Q00325	362	Q00325	362	Q00325-2	TRUE	NM_002635.4	NP_002626.1	ENST00000552981.6	361	FALSE	isoform
SLC49A3	Q6UXD7	560	Q6UXD7	560	Q6UXD7-2	TRUE	NM_032219.4	NP_115595.2	ENST00000322224.9	559	FALSE	isoform
SMOC1	Q9H4F8	434	Q9H4F8	434	Q9H4F8-2	TRUE	NM_001034852.3	NP_001030024.1	ENST00000361956.8	435	FALSE	isoform
SPATA33	Q96N06	139	Q96N06	139	Q96N06-2	TRUE	NM_001271907.2	NP_001258836.1	ENST00000579310.6	140	FALSE	isoform
STIL	Q15468	1287	Q15468	1287	Q15468-2	TRUE	NM_001048166.1	NP_001041631.1	ENST00000371877.8	1288	FALSE	isoform
TBX4	P57082	545	P57082	545	P57082-2	TRUE	NM_001321120.2	NP_001308049.1	ENST00000644296.1	546	FALSE	isoform
TCOF1	Q13428	1488	Q13428	1488	Q13428-3	TRUE	NM_001371623.1	NP_001358552.1	ENST00000643257.2	1489	FALSE	isoform
TMEM131L	A2VDJ0	1609	A2VDJ0	1609	A2VDJ0-5	TRUE	NM_001131007.2	NP_001124479.1	ENST00000409959.8	1610	FALSE	isoform
TMPRSS3	P57727	454	P57727	454	P57727-5	TRUE	NM_001256317.3	NP_001243246.1	ENST00000644384.2	453	FALSE	isoform
TMTC3	Q6ZXV5	915	Q6ZXV5	915	Q6ZXV5-2	TRUE	NM_181783.4	NP_861448.2	ENST00000266712.11	914	FALSE	isoform
TRAPPC2L	Q9UL33	140	Q9UL33	140	Q9UL33-2	TRUE	NM_001318525.2	NP_001305454.1	ENST00000696289.1	139	FALSE	isoform
TSPAN16	Q9UKR8	245	Q9UKR8	245	Q9UKR8-2	TRUE	NM_001282509.2	NP_001269438.1	ENST00000590327.6	244	FALSE	isoform
TUBGCP4	Q9UGJ1	667	Q9UGJ1	667	Q9UGJ1-2	TRUE	NM_014444.5	NP_055259.2	ENST00000564079.6	666	FALSE	isoform
TUT4	Q5TAX3	1644	Q5TAX3	1644	Q5TAX3-3	TRUE	NM_001009881.3	NP_001009881.1	ENST00000257177.9	1645	FALSE	isoform
UCHL5	Q9Y5K5	329	Q9Y5K5	329	Q9Y5K5-3	TRUE	NM_001199261.3	NP_001186190.1	ENST00000367454.6	328	FALSE	isoform
ZEB1	P37275	1124	P37275	1124	P37275-2	TRUE	NM_001174096.2	NP_001167567.1	ENST00000424869.6	1125	FALSE	isoform
ZNF33A	Q06730	810	Q06730	810	Q06730-2	TRUE	NM_006954.2	NP_008885.1	ENST00000432900.7	811	FALSE	isoform
ZNF764	Q96H86	408	Q96H86	408	Q96H86-2	TRUE	NM_001172679.2	NP_001166150.1	ENST00000395091.3	407	FALSE	isoform
